"","X","county.code","county","TotalPop2016","Nmale","N15to34","N35to59","N60plus","MedianAge","White","Black","NTakeBackBoxes","PropMale","PropFemale","Prop14under","Prop15to34","Prop35to59","Prop60plus","PropWhite","PropBlack","PropOther","RateTBB1K","ED_AnyDrugODrate1000","ED_AnyOD_NQswData","ED_OpOD_NQswData","ED_AnyOpioidODrate","NSeizurenArrestIncidents","KGseizedAllOpioid","KGseizedFent","KGseizedNotFent","NArrests","RateSeizureArrests1000","RateSnAArrests1000","AnnualDispPer1000","N_MAw_OUD","RateMAOUD1000","N_MA_MAT","RateMAMAT1000","Count","Count.Description","RateMANarcan1000","AvgMonthlyEnroll2017","AvgKidsMonthlyEnroll2017","AvgMonthlyEnroll2016","AvgKidsMonthlyEnroll2016","AvgMonthlyEnrollRate17","AvgMonthlyEnrollRate17_Kids","NdropoutsSY16","DropoutRatesSY16","Nintakecalls2017","RateIntakeCalls1000","Total.N.Persons.PIT.count","RateHomelessPIT","NBupDocs","RateBupDocs","RateChildAlleg","Police.Coverage","Number.of.successful.reversals","RatePolSuccReversals","Prevalence.HIV.Disease.Count","Prevalence.HIV.Disease.Among.IDU.Count","RatioIDUtoAll","RatioIDUtoAll_Cat","Hepatitis.C.counts","RateHepC","median.income.estimate","median.income.MOE","ODrate2016","percentchangeindrugdeaths1516","UrbanRuralDEA","N.SA.Facilities","NAlloworOfferMAT","NOfferMAT","NAccred","RateSAFacs","RateAllowOfferMAT","RateOfferMAT","RateAccred","NMHfacs","RateMHFacs","NImpairedDriver2017","RateImpairedDr","MedianIncomeCat","CountSANoMAT","RateSANoMAT","AnnualDispCat","ChangeinODdeath_CAT","PolCovShort","ODrateRank","MedianAgeCat","Prop15to34CAT","Prop35to59CAT","Prop60plusCAT","RateChildAllegCat","RateHomelessPITCat","RateHepCCat","RateIntakeCalls1000Cat","RateTBB1KCat","RateBupDocsCat","RateAccredCat","RateMANarcan1000Cat","AvgMonthlyEnrollRate17Cat","AvgMonthlyEnrollRate17KidCat"
"1",1,1,"Adams",101759,50232,24536,34634,25443,43.1,93855,1465,11,0.493636926463507,0.506363073536493,0.168496152674456,0.241118721685551,0.340353187433053,0.25003193820694,0.922326280722098,0.0143967609744593,0.0632769583034424,0.108098546565906,1.869250341,4,2,0.185946369,14,0.03277,0,0.03277,8,0.137579968356607,0.0786171247752042,441.2898805,504,4.95287886083786,286,2.81056221071355,11,"MA recipients filling a naloxone prescription",0.108098546565906,15593.6666666667,7679.75,15460.25,7728.75,153.241154754534,75.4699829990468,64,0.006,35,0.343949920891518,134,1.31683683998467,7,0.0687899841783036,24.6,"Partial coverage",14,0.137579968356607,83,15,0.180722891566265,"1SD",18,0.176888530744209,61927,1492,27.6,3,"rural",3,3,1,0,0.0294814217907016,0.0294814217907016,0.00982714059690052,0,3,0.0294814217907016,135,1.32666398058157,"Higher",0,0,"Lower","ODs doubled or more","Partial coverage",37,"1SD","1SD","1SD","1SD","1SD","higher","1SD","1SD","1SD","1SD","lower","lower","lower","1SD"
"2",2,2,"Allegheny",1230360,593029,338725,400409,297642,40.8,992002,159592,38,0.481996326278488,0.518003673721512,0.157339315322345,0.275305601612536,0.32544052147339,0.241914561591729,0.806269709678468,0.129711629116681,0.0640186612048506,0.0308852693520596,4.288518115,4,4,1.501593402,50,7.09419,5.73955,1.35464,73,0.0406385123053415,0.0593322279657986,907.8739803,11978,9.73536200786762,7889,6.41194447153679,1117,"MA recipients filling a naloxone prescription",0.90786436490133,238158.166666667,96755.8333333333,233349.5,96702.3333333333,193.567871734018,78.6402624706048,467,0.012,1076,0.87454078481095,1145,0.930621931792321,184,0.149549725283657,16.4,"Partial coverage",481,0.390942488377385,2910,328,0.112714776632302,"sig lower",470,0.38200201567021,54357,456,52.9,0.53,"urban",49,42,34,35,0.0398257420592347,0.0341363503364869,0.0276341883676322,0.0284469586137391,48,0.0390129718131279,1251,1.01677557787964,"1SD",7,0.00568939172274781,"Higher","More ODs","Partial coverage",59,"1SD","1SD","1SD","1SD","1SD","1SD","1SD","higher","1SD","higher","1SD","higher","1SD","1SD"
"3",3,3,"Armstrong",67512,33505,14390,23669,18688,46,66101,634,9,0.496282142433938,0.503717857566062,0.159453134257613,0.213147292333215,0.350589524825216,0.276810048583955,0.979100011849745,0.00939092309515345,0.0115090650551013,0.133309633842872,4.015883043,4,4,1.128057036,28,0.075682,0.000472,0.07521,32,0.414741083066714,0.473989809219102,701.7567608,1011,14.975115535016,670,9.92416163052494,45,"MA recipients filling a naloxone prescription",0.666548169214362,15895.5,6088.5,15863.3333333333,6238.75,235.44703163882,90.1839672947032,47,0.02,29,0.429553264604811,54,0.799857803057234,2,0.0296243630761939,39.2,"Partial coverage",14,0.207370541533357,37,7,0.189189189189189,"1SD",50,0.740609076904847,45879,1396,59.5,0.52,"rural",3,3,1,1,0.0444365446142908,0.0444365446142908,0.0148121815380969,0.0148121815380969,5,0.0740609076904847,84,1.24422324920014,"1SD",0,0,"1SD","More ODs","Partial coverage",61,"1SD","1SD","1SD","1SD","1SD","1SD","1SD","1SD","1SD","1SD","1SD","1SD","1SD","1SD"
"4",4,4,"Beaver",169205,82025,38574,58115,44990,44.8,153775,10273,16,0.484766998611152,0.515233001388848,0.162678407848468,0.227971986643421,0.343459117638368,0.265890487869744,0.908808841346296,0.0607133358943294,0.0304778227593747,0.0945598534322272,1.517060963,4,4,0.238907239,15,0.13814,0.001,0.13714,28,0.088649862592713,0.165479743506398,841.5567195,1822,10.7680033095949,1160,6.85558937383647,154,"MA recipients filling a naloxone prescription",0.910138589285187,36199.5,14698.8333333333,35741.6666666667,14842.8333333333,213.938713394994,86.869970351546,967,0.008,130,0.768298809136846,98,0.579179102272391,18,0.106379835111256,7.1,"Partial coverage",62,0.36641943204988,108,12,0.111111111111111,"sig lower",51,0.301409532815224,51887,1122,59.8,1.76,"urban",7,7,6,4,0.0413699358765994,0.0413699358765994,0.0354599450370852,0.0236399633580568,4,0.0236399633580568,165,0.975148488519843,"1SD",0,0,"1SD","ODs doubled or more","Partial coverage",62,"1SD","1SD","1SD","1SD","lower","1SD","1SD","higher","1SD","1SD","1SD","higher","1SD","1SD"
"5",5,5,"Bedford",48852,24409,10274,16794,13649,45.4,47729,263,4,0.499652010153116,0.500347989846884,0.166523376729714,0.210308687464178,0.343773028739867,0.279394907066241,0.977012200114632,0.00538360763121264,0.0176041922541554,0.0818799639728159,3.062597,4,3,0.600103467,19,0.20883,0,0.20883,21,0.388929828870875,0.429869810857283,605.6492498,402,8.22893637926799,254,5.19937771227381,21,"MA recipients filling a naloxone prescription",0.429869810857283,11269.0833333333,4404,11170.5,4481.75,230.678034334998,90.1498403340702,44,0.009,NA,NA,18,0.368459837877671,0,0,29.2,"Full coverage",0,0,28,NA,0.13888,"1SD",20,0.409399819864079,46746,1360,22.1,0.83,"rural",2,2,1,0,0.0409399819864079,0.0409399819864079,0.020469990993204,0,0,0,66,1.35101940555146,"1SD",0,0,"1SD","More ODs","Full coverage",22,"1SD","1SD","1SD","1SD","1SD","1SD","1SD",NA,"1SD","lower","lower","1SD","1SD","1SD"
"6",6,6,"Berks",414097,203542,107384,138383,90570,39.8,346269,20009,28,0.491532177243496,0.508467822756504,0.18778208970362,0.259320883754289,0.334180155857203,0.218716870684888,0.83620262885266,0.0483195966162518,0.115477774531088,0.0676170076093282,3.047163534,4,4,0.585807546,27,0.587712,0.25524,0.332472,96,0.0652021144804237,0.23182974037484,541.9828742,2680,6.47191358546428,1341,3.23837168586104,98,"MA recipients filling a naloxone prescription",0.236659526632649,95517.5,44688.5,90976.3333333333,43422.75,230.664554440143,107.917951591052,543,0.015,132,0.318765893015405,534,1.28955293083505,26,0.0627872213515191,10.8,"Partial coverage",70,0.169042519023321,1027,328,0.31937682570594,"1SD",70,0.169042519023321,57068,838,28.4,0.7,"urban",14,14,10,12,0.0338085038046641,0.0338085038046641,0.0241489312890458,0.028978717546855,23,0.0555425419648053,457,1.10360615990939,"1SD",0,0,"1SD","More ODs","Partial coverage",38,"1SD","1SD","1SD","1SD","1SD","higher","1SD","1SD","1SD","1SD","1SD","1SD","1SD","1SD"
"7",7,7,"Blair",125917,61654,29899,41203,33265,43.1,120688,2018,6,0.489640000953009,0.510359999046991,0.1711444840649,0.237450066313524,0.327223488488449,0.264181961133127,0.958472644678637,0.0160264301087224,0.0255009252126401,0.04765043639858,3.834737265,4,4,0.938628159,7,0.013401,0,0.013401,6,0.0555921757983434,0.04765043639858,1127.0838347,2282,18.1230493102599,1526,12.1190943240389,75,"MA recipients filling a naloxone prescription",0.59563045498225,33050.0833333333,13190.0833333333,32519.1666666667,13218.4166666667,262.475148973795,104.752204494495,108,0.027,44,0.349436533589587,44,0.349436533589587,12,0.09530087279716,18.3,"Partial coverage",19,0.150893048595503,82,7,0.0853658536585366,"sig lower",138,1.09596003716734,44033,1187,33.8,0.95,"rural",12,12,7,7,0.09530087279716,0.09530087279716,0.0555921757983434,0.0555921757983434,3,0.02382521819929,144,1.14361047356592,"1SD",0,0,"Higher","More ODs","Partial coverage",45,"1SD","1SD","1SD","1SD","1SD","1SD","higher","1SD","1SD","1SD","higher","1SD","1SD","1SD"
"8",8,8,"Bradford",61808,30540,13448,20647,16424,44.3,60019,351,8,0.49411079471913,0.50588920528087,0.182646259383899,0.217577012684442,0.334050608335491,0.265726119596169,0.971055526792648,0.00567887652083873,0.0232655966865131,0.129433083096039,1.875925621,4,0,NA,4,0.0026,0,0.0026,4,0.0647165415480197,0.0647165415480197,746.980418,399,6.45547501941496,217,3.51087237898007,17,"MA recipients filling a naloxone prescription",0.275045301579084,14117.75,5962.66666666667,13736.9166666667,5926.91666666667,228.412988609889,96.4707912675813,46,0.008,10,0.161791353870049,2,0.0323582707740098,1,0.0161791353870049,30.2,"No coverage",0,0,39,NA,0.13888,"1SD",25,0.404478384675123,51035,1656,27.1,0.06,"rural",1,1,0,0,0.0161791353870049,0.0161791353870049,0,0,4,0.0647165415480197,58,0.938389852446285,"1SD",0,0,"1SD","More ODs","No Coverage/No Munic",35,"1SD","1SD","1SD","1SD","1SD","lower","1SD","lower","1SD","lower","lower","1SD","1SD","1SD"
"9",9,9,"Bucks",626220,307068,144622,226739,146954,43.3,556082,24226,36,0.490351633611191,0.509648366388809,0.17231164766376,0.230944396537958,0.362075628373415,0.234668327424867,0.887997828239277,0.0386860847625435,0.0733160869981796,0.0574877838459327,3.521716988,4,4,0.530013617,30,0.12724,0.00119,0.12605,28,0.0479064865382773,0.0447127207690588,616.9773579,4865,7.76883523362397,3130,4.99824342882693,191,"MA recipients filling a naloxone prescription",0.305004630960365,79773.3333333333,35525.75,76491.75,34897.8333333333,127.388670648228,56.7304621379068,240,0.007,262,0.418383315767622,511,0.816007154035323,49,0.0782472613458529,11.7,"Full coverage",333,0.531762000574878,819,126,0.153846153846154,"1SD",233,0.372073712113954,79559,1143,26.9,0.44,"urban",23,23,18,15,0.0367283063460126,0.0367283063460126,0.0287438919229664,0.0239532432691386,12,0.0191625946153109,534,0.852735460381336,"Higher",0,0,"1SD","More ODs","Full coverage",33,"1SD","1SD","higher","1SD","1SD","1SD","1SD","1SD","1SD","1SD","1SD","1SD","lower","lower"
"10",10,10,"Butler",185974,91929,44264,66285,43960,43,178887,2038,11,0.494311032725005,0.505688967274995,0.169190316926022,0.238011765085442,0.356420790002904,0.236377127985632,0.961892522610687,0.0109585210835923,0.0271489563057202,0.0591480529536387,2.328108024,4,4,0.342526239,54,5.25299,4.001998,1.250992,100,0.290363169045135,0.537709572305806,816.9143738,1733,9.31850688805962,1168,6.28044780453182,162,"MA recipients filling a naloxone prescription",0.871089507135406,27726.4166666667,11507.1666666667,26552.0833333333,11209.3333333333,149.087596474059,61.8751366678496,92,0.076,54,0.290363169045135,115,0.618366008151677,42,0.225838020368439,12.7,"Full coverage",35,0.188198350307032,85,11,0.129411764705882,"sig lower",89,0.478561519352168,63345,1286,40.2,0.57,"rural",6,6,3,2,0.0322625743383484,0.0322625743383484,0.0161312871691742,0.0107541914461161,8,0.0430167657844645,208,1.11843591039608,"Higher",0,0,"1SD","More ODs","Full coverage",51,"1SD","1SD","higher","1SD","1SD","1SD","1SD","1SD","1SD","higher","1SD","higher","lower","lower"
"11",11,11,"Cambria",137762,67867,32042,45452,38429,44.7,129288,4592,3,0.492639479682351,0.507360520317649,0.158527024868977,0.232589538479406,0.329931330845952,0.278952105805665,0.938488117187613,0.0333328494069482,0.0281790334054384,0.0217766873303233,4.876347118,4,4,1.477006205,8,0.05316,0,0.05316,2,0.0580711662141955,0.0145177915535489,958.6067157,2187,15.8752050638057,1356,9.84306267330614,188,"MA recipients filling a naloxone prescription",1.36467240603359,34692.8333333333,13337.0833333333,33739.0833333333,13094.8333333333,251.831661367673,96.8124978828221,41,0.021,83,0.602488349472278,25,0.181472394419361,5,0.0362944788838722,38.9,"Full coverage",60,0.435533746606466,128,32,0.25,"1SD",70,0.508122704374211,42917,973,65.4,0.62,"rural",7,6,5,4,0.0508122704374211,0.0435533746606466,0.0362944788838722,0.0290355831070977,1,0.00725889577677444,169,1.22675338627488,"1SD",1,0.00725889577677444,"Higher","More ODs","Full coverage",63,"1SD","1SD","1SD","1SD","1SD","1SD","1SD","1SD","1SD","1SD","1SD","higher","1SD","1SD"
"12",12,12,"Cameron",4807,2432,932,1636,1572,50.4,4702,29,2,0.505928853754941,0.494071146245059,0.138755980861244,0.193883919284377,0.340337008529228,0.327023091325151,0.978156854587061,0.00603286873309757,0.0158102766798419,0.416059912627418,0,1,4,0,NA,0,0,0,NA,0,0,821.2529399,70,14.5620969419596,41,8.52922820886208,NA,"Naloxone prescription count is suppressed",NA,1431.91666666667,548.333333333333,1368.91666666667,540.333333333333,297.881561611539,114.069759378684,5,0.009,7,1.45620969419596,2,0.416059912627418,1,0.208029956313709,15.3,"Full coverage",0,0,NA,NA,NA,NA,NA,NA,40347,2806,NA,NA,"rural",1,1,0,0,0.208029956313709,0.208029956313709,0,0,0,0,6,1.24817973788226,"Lower",0,0,"1SD",NA,"Full coverage",65,"higher","lower","1SD","higher","1SD","1SD",NA,"higher","higher","higher","lower",NA,"higher","higher"
"13",13,13,"Carbon",64330,31944,13676,23250,17039,45.5,61831,1161,7,0.4965645888388,0.5034354111612,0.161122337944971,0.212591325975439,0.361417690035753,0.264868646043836,0.961153427638738,0.0180475672314628,0.0207990051297995,0.108813928182807,5.739535177,4,4,1.525301129,18,0.05021,0,0.05021,16,0.279807243898648,0.248717550132131,666.9497122,617,9.59117052697031,296,4.60127467744443,19,"MA recipients filling a naloxone prescription",0.295352090781906,13716.75,5878.91666666667,12869.5,5638,213.224778485932,91.386859422768,35,0.021,68,1.05704958806156,14,0.217627856365615,2,0.0310896937665164,16.5,"Partial coverage",16,0.248717550132131,83,16,0.192771084337349,"1SD",20,0.310896937665164,50822,1679,26.1,-0.06,"rural",2,2,1,0,0.0310896937665164,0.0310896937665164,0.0155448468832582,0,5,0.077724234416291,55,0.854966578579201,"1SD",0,0,"1SD","fewer ODs","Partial coverage",29.5,"1SD","1SD","higher","1SD","1SD","1SD","1SD","higher","1SD","1SD","lower","1SD","1SD","1SD"
"14",14,14,"Centre",159178,83558,67298,43662,28110,30.8,140074,6043,8,0.524934350224277,0.475065649775723,0.126323989496036,0.422784555654676,0.274296699292616,0.176594755556672,0.879983414793502,0.0379637889658119,0.0820527962406865,0.050258201510259,3.57974533,4,4,0.161026606,14,1.05564,0,1.05564,16,0.0879518526429532,0.100516403020518,413.01466577,602,3.78192966364699,394,2.47521642438025,17,"MA recipients filling a naloxone prescription",0.1067986782093,14959.8333333333,5748,14802.9166666667,5805.08333333333,93.9817897783195,36.1105177851211,38,0.003,28,0.175903705285906,78,0.490017464725025,15,0.0942341278317355,20.5,"Partial coverage",18,0.113080953398083,184,50,0.271739130434783,"1SD",55,0.34552513538303,54407,1529,13,0.33,"rural",7,7,4,4,0.0439759263214766,0.0439759263214766,0.0251291007551295,0.0251291007551295,6,0.0376936511326942,103,0.647074344444584,"1SD",0,0,"Lower","More ODs","Partial coverage",7,"lower","higher","lower","lower","1SD","1SD","1SD","lower","1SD","1SD","1SD","lower","lower","lower"
"15",15,15,"Chester",512028,252007,126434,180457,106387,40.3,441027,29907,22,0.49217425609537,0.50782574390463,0.192860546688853,0.246927902380339,0.352435804291953,0.207775746638856,0.861333755185263,0.0584089151374534,0.0802573296772833,0.042966400274985,1.36157982,4,4,0.288585197,50,47.182728,47.000043,0.182685,138,0.0976509097158749,0.269516510815815,501.4196843,1829,3.5720702774067,954,1.86317935737889,48,"MA recipients filling a naloxone prescription",0.0937448733272399,54282,26873.5,52636.0833333333,26564.5,106.013733623942,52.4844344449913,429,0.027,169,0.330060074839657,570,1.11322037076097,36,0.0703086549954299,5.2,"Full coverage",278,0.542939058020264,544,131,0.240808823529412,"1SD",94,0.183583710265845,88995,1397,19.4,0.54,"urban",16,15,13,13,0.03124829110908,0.0292952729147625,0.0253892365261275,0.0253892365261275,21,0.0410133820806675,473,0.923777605912177,"Higher",1,0.0019530181943175,"Lower","More ODs","Full coverage",20,"1SD","1SD","1SD","1SD","lower","1SD","1SD","1SD","1SD","1SD","1SD","lower","lower","lower"
"16",16,16,"Clarion",38939,18983,11118,12219,9621,40.8,37669,462,4,0.487506099283495,0.512493900716505,0.153599219291713,0.285523511132797,0.313798505354529,0.247078764220961,0.967384884049411,0.0118647114717892,0.0207504044788002,0.102724774647526,1.168436632,4,0,NA,5,0.013858,0.008858,0.005,3,0.128405968309407,0.0770435809856442,628.2553943,290,7.44754616194561,163,4.18603456688667,NA,"Naloxone prescription count is suppressed",NA,8217.08333333333,3181.16666666667,8155.58333333333,3198.58333333333,211.024508419151,81.6961572373884,30,0.006,6,0.154087161971288,2,0.0513623873237628,1,0.0256811936618814,46.7,"Full coverage",0,0,22,7,0.318181818181818,"1SD",6,0.154087161971288,42890,1704,17.5,0.75,"rural",2,2,1,0,0.0513623873237628,0.0513623873237628,0.0256811936618814,0,3,0.0770435809856442,35,0.898841778165849,"1SD",0,0,"1SD","More ODs","Full coverage",18,"1SD","1SD","1SD","1SD","1SD","lower","1SD","lower","1SD","1SD","lower",NA,"1SD","1SD"
"17",17,17,"Clearfield",81170,42256,18844,28839,21041,43.9,77296,2026,8,0.520586423555501,0.479413576444499,0.153332512011827,0.232154736971788,0.355291363804361,0.259221387212024,0.952273007268695,0.0249599605765677,0.022767032154737,0.0985585807564371,2.295399276,4,1,0.074445382,7,0.00717,0.003,0.00417,6,0.0862387581618825,0.0739189355673278,744.5282644,1088,13.4039669828754,570,7.02229887889614,47,"MA recipients filling a naloxone prescription",0.579031661944068,20761.1666666667,7797.75,20845.25,7969.33333333333,255.773890189315,96.0668966366884,91,0.01,31,0.381914500431194,37,0.455833435998522,5,0.0615991129727732,37.9,"Partial coverage",18,0.221756806701983,71,28,0.394366197183099,"sig higher",90,1.10878403350992,43361,1203,13.5,-0.15,"rural",5,5,2,1,0.0615991129727732,0.0615991129727732,0.0246396451891093,0.0123198225945546,5,0.0615991129727732,70,0.862387581618825,"1SD",0,0,"1SD","fewer ODs","Partial coverage",8,"1SD","1SD","1SD","1SD","1SD","1SD","higher","1SD","1SD","1SD","1SD","1SD","1SD","1SD"
"18",18,18,"Clinton",39536,19383,11901,11838,9089,37.9,38030,645,4,0.490262039660057,0.509737960339943,0.169668150546338,0.301016794819911,0.299423310400648,0.229891744233104,0.961908134358559,0.0163142452448401,0.0217776203966006,0.101173613921489,0.688196161,3,3,0,5,0.00539,0,0.00539,2,0.126467017401862,0.0505868069607446,810.1598144,471,11.9131930392554,283,7.15803318494537,18,"MA recipients filling a naloxone prescription",0.455281262646702,8929,3482.58333333333,8689.25,3510.08333333333,225.844799676244,88.08638540402,22,0.004,9,0.227640631323351,15,0.379401052205585,4,0.101173613921489,52,"Partial coverage",1,0.0252934034803723,15,NA,0.13888,"1SD",9,0.227640631323351,47163,1671,25.5,1.5,"rural",1,1,1,0,0.0252934034803723,0.0252934034803723,0.0252934034803723,0,1,0.0252934034803723,32,0.809388911371914,"1SD",0,0,"1SD","ODs doubled or more","Partial coverage",28,"lower","higher","lower","1SD","higher","1SD","1SD","1SD","1SD","1SD","lower","1SD","1SD","1SD"
"19",19,19,"Columbia",66772,32139,19853,21032,15946,40.1,63555,1231,3,0.4813245072785,0.5186754927215,0.148879769963458,0.297325226142695,0.314982327921883,0.238812675971964,0.951821122626251,0.0184358713233092,0.0297430060504403,0.044929012160786,1.89701897,4,1,0.075278531,3,0.001022,1e-05,0.001012,3,0.044929012160786,0.044929012160786,801.9722975,408,6.11034565386689,251,3.75906068411909,15,"MA recipients filling a naloxone prescription",0.22464506080393,12717,5017.66666666667,12415.75,5010.83333333333,190.454082549572,75.1462688951457,91,0.093,28,0.419337446834002,19,0.284550410351644,3,0.044929012160786,85,"Partial coverage",24,0.359432097286288,61,18,0.295081967213115,"1SD",30,0.44929012160786,46952,2170,26.7,0.13,"rural",3,3,0,1,0.044929012160786,0.044929012160786,0,0.0149763373869287,3,0.044929012160786,79,1.18313065356736,"1SD",0,0,"1SD","More ODs","Partial coverage",32,"1SD","higher","1SD","1SD","higher","1SD","1SD","1SD","1SD","1SD","1SD","1SD","1SD","1SD"
"20",20,20,"Crawford",87027,42542,21048,28300,22361,42.6,83395,1646,8,0.488836797775403,0.511163202224597,0.176014340377124,0.241855975731669,0.325186436393303,0.256943247497903,0.958265825548393,0.018913670470084,0.022820503981523,0.0919254943867995,3.385232504,4,4,0.52169679,17,0.21721,0,0.21721,11,0.195341675571949,0.126397554781849,969.1851097,823,9.456835235042,534,6.13602675031887,59,"MA recipients filling a naloxone prescription",0.677950521102646,20387.8333333333,8254.25,19919.6666666667,8174.08333333333,234.270207330292,94.84700150528,37,0.015,28,0.321739230353798,55,0.631987773909247,5,0.0574534339917497,43.2,"Partial coverage",0,0,68,17,0.25,"1SD",71,0.815838762682845,45637,1267,36.1,0.14,"rural",4,4,3,1,0.0459627471933997,0.0459627471933997,0.0344720603950498,0.0114906867983499,4,0.0459627471933997,111,1.27546623461684,"1SD",0,0,"Higher","More ODs","Partial coverage",46,"1SD","1SD","1SD","1SD","1SD","1SD","1SD","1SD","1SD","1SD","1SD","1SD","1SD","1SD"
"21",21,21,"Cumberland",243838,120485,64749,81106,56957,40.7,217203,8668,22,0.49411904625202,0.50588095374798,0.168251051927919,0.265541055946981,0.332622478858915,0.233585413266185,0.890767640810702,0.0355481918322821,0.0736841673570157,0.0902238371377718,2.79268911,4,4,0.659943824,45,0.304316,0.188401,0.115915,31,0.184548757781806,0.127133588694133,655.9036805,1017,4.17080192586881,616,2.52626743985761,19,"MA recipients filling a naloxone prescription",0.0779205866189847,33122.5833333333,15126,31527.3333333333,14674.3333333333,135.838480193134,62.0329891157244,117,0.02,81,0.332187764007251,158,0.647971193989452,10,0.0410108350626235,24.9,"Full coverage",101,0.414209434132498,387,143,0.369509043927649,"sig higher",98,0.401906183613711,62640,1345,24.6,0.41,"urban",7,7,3,4,0.0287075845438365,0.0287075845438365,0.0123032505187871,0.0164043340250494,4,0.0164043340250494,221,0.90633945488398,"Higher",0,0,"1SD","More ODs","Full coverage",26,"1SD","1SD","1SD","1SD","1SD","1SD","1SD","1SD","1SD","1SD","1SD","lower","lower","lower"
"22",22,22,"Dauphin",271962,131707,70589,91771,58987,39.6,195198,49840,12,0.484284569167751,0.515715430832249,0.186110559563468,0.259554643663453,0.337440524779197,0.216894271993882,0.717739978379332,0.183260896742927,0.0989991248777403,0.04412381141483,4.596155744,4,4,1.037605907,88,7.4261,0.8215,6.6046,88,0.323574617042087,0.323574617042087,650.2062425,1883,6.92376140784374,938,3.44901125892588,51,"MA recipients filling a naloxone prescription",0.187526198513028,67054.8333333333,30858.8333333333,65011.1666666667,30324.6666666667,246.559568371071,113.467445206806,455,0.031,196,0.720688919775557,460,1.69141277090182,12,0.04412381141483,28.1,"Full coverage",102,0.375052397026055,1054,220,0.208728652751423,"1SD",58,0.213265088505012,54968,830,31.3,0.02,"urban",15,15,5,6,0.0551547642685375,0.0551547642685375,0.0183849214228458,0.022061905707415,14,0.0514777799839683,341,1.25385164103809,"1SD",0,0,"1SD","More ODs","Full coverage",42,"1SD","1SD","1SD","1SD","1SD","higher","1SD","1SD","1SD","1SD","1SD","1SD","1SD","higher"
"23",23,23,"Delaware",562316,270171,152407,186161,120287,39,395791,118089,50,0.480461164185262,0.519538835814738,0.183990852118738,0.271034436153337,0.331061182680201,0.213913529047724,0.703858684440777,0.210004694869077,0.0861366206901458,0.0889179749464714,5.01063184,4,4,1.764281987,97,0.653057,0.509,0.144057,99,0.172500871396154,0.176057590394013,668.7977678,4448,7.91014305123809,2435,4.33030537989316,370,"MA recipients filling a naloxone prescription",0.657993014603888,118757.166666667,52925.1666666667,113518.5,52089.25,211.192935407612,94.1199728740898,286,0.008,309,0.549513085169193,453,0.805596853015031,44,0.0782478179528948,11.3,"Full coverage",501,0.890958108963643,1736,378,0.217741935483871,"1SD",189,0.336109945297662,66576,837,36.9,0.02,"urban",13,13,7,8,0.0231186734860826,0.0231186734860826,0.012448516492506,0.0142268759914354,15,0.0266753924839414,440,0.782478179528948,"Higher",0,0,"1SD","More ODs","Full coverage",47,"lower","1SD","1SD","1SD","1SD","1SD","1SD","1SD","1SD","1SD","1SD","1SD","1SD","1SD"
"24",24,24,"Elk",31111,15541,6355,11211,8557,46.6,30499,155,5,0.499533926906882,0.500466073093118,0.160329144032657,0.204268586673524,0.360354858410209,0.27504741088361,0.980328501173218,0.00498216065057375,0.0146893381762078,0.160714859695927,2.591863516,4,3,0.164041995,NA,0,0,0,NA,0,0,775.2624672,356,11.44289801035,192,6.17145061232362,11,"MA recipients filling a naloxone prescription",0.35357269133104,6047.41666666667,2537.33333333333,5967,2548.08333333333,194.381944221229,81.5574341336933,24,0.011,12,0.385715663270226,6,0.192857831635113,1,0.0321429719391855,7.6,"Partial coverage",3,0.0964289158175565,7,NA,0.13888,"1SD",5,0.160714859695927,47917,2502,9.4,0,"rural",2,2,0,0,0.064285943878371,0.064285943878371,0,0,3,0.0964289158175565,35,1.12500401787149,"1SD",0,0,"1SD","More ODs","Partial coverage",3,"higher","lower","higher","1SD","lower","1SD","1SD","1SD","higher","1SD","lower","1SD","1SD","1SD"
"25",25,25,"Erie",279133,137741,77013,90304,61475,38.9,243823,19863,13,0.493460106830794,0.506539893169206,0.18034771954588,0.275900735491683,0.323516029992871,0.220235514969566,0.873501162528257,0.0711596264146482,0.0553392110570946,0.0465727807174358,4.09475502,4,4,0.955804886,43,0.082816,0.00941,0.073406,22,0.154048428526903,0.0788154750602759,834.1714728,2576,9.22857562523958,1701,6.09386923079679,172,"MA recipients filling a naloxone prescription",0.616193714107612,78752.9166666667,34430.5,76647.6666666667,34145.6666666667,282.134024521166,123.348009730129,358,0.042,110,0.39407737530138,369,1.32195046805645,19,0.0680679102793292,31.1,"Full coverage",37,0.13255329896501,343,81,0.236151603498542,"1SD",95,0.340339551396646,47094,710,32.1,0.32,"urban",15,14,13,13,0.0537378239047336,0.0501553023110847,0.0465727807174358,0.0465727807174358,15,0.0537378239047336,300,1.07475647809467,"1SD",1,0.00358252159364891,"1SD","More ODs","Full coverage",43,"lower","1SD","1SD","1SD","1SD","higher","1SD","1SD","1SD","1SD","higher","1SD","higher","higher"
"26",26,26,"Fayette",134229,66241,30562,46299,36015,44.4,124542,5450,8,0.493492464370591,0.506507535629409,0.15907888757273,0.227685522502589,0.344925463200948,0.268310126723733,0.927832286614666,0.0406022543563611,0.0315654590289729,0.0595996394221815,5.364152096,4,4,1.627327039,82,0.298585,0,0.298585,74,0.61089630407736,0.551296664655179,946.9084553,3035,22.6106132057901,1800,13.4099188699908,176,"MA recipients filling a naloxone prescription",1.31119206728799,43119.5,15817.8333333333,42295.4166666667,15819.3333333333,321.238331508094,117.842145388354,108,0.039,131,0.975944095538222,47,0.350147881605316,14,0.104299368988818,31,"Partial coverage",0,0,99,17,0.171717171717172,"1SD",96,0.715195673066178,40511,1113,43.9,0.46,"rural",5,4,4,2,0.0372497746388634,0.0297998197110907,0.0297998197110907,0.0148999098555454,8,0.0595996394221815,158,1.17709287858808,"Lower",1,0.00744995492777269,"Higher","More ODs","Partial coverage",53.5,"1SD","1SD","1SD","1SD","1SD","1SD","1SD","higher","1SD","1SD","1SD","higher","higher","higher"
"27",27,27,"Forest",7493,5881,2583,2622,2176,42.8,4653,2371,2,0.784865874816495,0.215134125183505,0.0149472841318564,0.344721740290938,0.349926598158281,0.290404377418924,0.620979580942213,0.316428666755639,0.0625917523021487,0.266915788068864,0,2,3,0,NA,0,0,0,NA,0,0,400.49173609,31,4.1371947150674,NA,NA,NA,"Naloxone prescription count is suppressed",NA,1109.5,330.666666666667,1115.16666666667,345,148.071533431202,44.1300769607189,2,0.006,NA,NA,0,0,0,0,65.5,"No municipal Police dept/only State Police",0,0,12,NA,0.13888,"1SD",19,2.53569998665421,36594,2748,NA,NA,"rural",1,1,0,0,0.133457894034432,0.133457894034432,0,0,0,0,7,0.934205258241025,"Lower",0,0,"Lower",NA,"No Coverage/No Munic",66,"1SD","higher","1SD","1SD","higher","lower","higher",NA,"higher","lower","lower",NA,"lower","lower"
"28",28,28,"Franklin",152707,75038,36154,50402,37409,40.9,142099,5867,5,0.491385463665713,0.508614536334287,0.188216650186304,0.236754045328636,0.330056906363166,0.244972398121894,0.930533636310058,0.0384199807474445,0.0310463829424977,0.0327424414074011,2.762412984,4,1,0.032498976,23,1.0295,0.7938,0.2357,18,0.150615230474045,0.117872789066644,609.2908073,1097,7.1836916447838,496,3.24805018761419,29,"MA recipients filling a naloxone prescription",0.189906160162926,28294.1666666667,13258.1666666667,27627.5,13277.75,185.284018850915,86.8209490505783,166,0.009,46,0.30123046094809,127,0.831658011747988,8,0.0523879062518418,33.5,"Full coverage",41,0.268488019540689,141,26,0.184397163120567,"1SD",37,0.242294066414768,55751,1358,26.1,0.86,"rural",3,3,1,2,0.0196454648444407,0.0196454648444407,0.00654848828148022,0.0130969765629604,4,0.0261939531259209,153,1.00191870706647,"1SD",0,0,"1SD","More ODs","Full coverage",29.5,"1SD","1SD","1SD","1SD","1SD","1SD","1SD","1SD","1SD","1SD","1SD","1SD","1SD","1SD"
"29",29,29,"Fulton",14653,7386,3228,5053,3806,44,14233,226,2,0.504060601924521,0.495939398075479,0.175117723333106,0.220296185081553,0.344844059237016,0.259742032348325,0.971336927591619,0.0154234627721286,0.013239609636252,0.136490820992288,2.732240438,4,2,0,3,0.0025,0,0.0025,4,0.204736231488432,0.272981641984577,669.0573771,116,7.91646761755272,56,3.82174298778407,NA,"Naloxone prescription count is suppressed",NA,3262.16666666667,1389.91666666667,3187,1370.66666666667,222.627903273505,94.855433472099,8,0.01,7,0.477717873473009,12,0.81894492595373,2,0.136490820992288,26.4,"No municipal Police dept/only State Police",0,0,10,NA,0.13888,"1SD",NA,NA,49420,2138,74.1,2.67,"rural",1,1,0,1,0.0682454104961441,0.0682454104961441,0,0.0682454104961441,1,0.0682454104961441,18,1.22841738893059,"1SD",0,0,"1SD","ODs doubled or more","No Coverage/No Munic",64,"1SD","1SD","1SD","1SD","1SD","1SD",NA,"1SD","1SD","higher","higher",NA,"1SD","1SD"
"30",30,30,"Greene",37669,19556,9612,13086,9058,42,35066,1650,3,0.519153680745441,0.480846319254559,0.156972576920014,0.255170033714726,0.347394409195891,0.24046298016937,0.930898085959277,0.0438025962993443,0.0252993177413789,0.079641084180626,2.473317741,4,1,0.215071108,1,0.00025,0,0.00025,2,0.0265470280602087,0.0530940561204173,750.2486759,605,16.0609519764262,368,9.76930632615679,29,"MA recipients filling a naloxone prescription",0.769863813746051,10052.5833333333,3868.41666666667,9700.41666666667,3791.25,266.866211827586,102.694965798579,17,0.012,22,0.58403461732459,34,0.902598954047094,2,0.0530940561204173,38,"Partial coverage",0,0,24,7,0.291666666666667,"1SD",17,0.451299477023547,49116,2446,49.1,0.36,"rural",1,1,1,0,0.0265470280602087,0.0265470280602087,0.0265470280602087,0,5,0.132735140301043,25,0.663675701505216,"1SD",0,0,"1SD","More ODs","Partial coverage",56,"1SD","1SD","1SD","1SD","1SD","1SD","1SD","1SD","1SD","1SD","lower","1SD","higher","1SD"
"31",31,31,"Huntingdon",45844,24289,11569,15458,11628,42.7,42153,2501,2,0.52981851496379,0.47018148503621,0.156814414099991,0.252355815373877,0.337186981938749,0.253642788587383,0.919487828287235,0.0545545763894948,0.0259575953232702,0.0436262106273449,3.308936319,4,1,0,33,0.09003,0,0.09003,24,0.719832475351191,0.523514527528139,498.9481527,430,9.37963528487916,199,4.34080795742082,NA,"Naloxone prescription count is suppressed",NA,9825.41666666667,4031.5,9744.75,4116.83333333333,214.322848500713,87.9395340720705,42,0.022,10,0.218131053136725,12,0.261757263764069,2,0.0436262106273449,45.8,"Partial coverage",0,0,72,37,0.513888888888889,"sig higher",38,0.828898001919553,45250,1203,15.2,-0.13,"rural",1,1,1,0,0.0218131053136725,0.0218131053136725,0.0218131053136725,0,2,0.0436262106273449,46,1.00340284442893,"1SD",0,0,"Lower","fewer ODs","Partial coverage",10,"1SD","1SD","1SD","1SD","1SD","1SD","1SD","1SD","1SD","1SD","lower",NA,"1SD","1SD"
"32",32,32,"Indiana",87491,43929,27077,26473,20670,39,82716,2136,5,0.502097358585454,0.497902641414545,0.151684173229246,0.309483261135431,0.302579693911374,0.236252871723949,0.945422957789944,0.024413939719514,0.0301631024905419,0.0571487352984878,3.577879673,4,4,0.602102728,66,0.181391,0.0787,0.102691,46,0.75436330594004,0.525768364746088,975.4990505,989,11.3040198420409,494,5.6462950474906,55,"MA recipients filling a naloxone prescription",0.628636088283366,18100.3333333333,6850.08333333333,17645.3333333333,6806.25,206.882231696213,78.29471983785,48,0.012,14,0.160016458835766,42,0.480049376507298,9,0.102867723537278,20.7,"Partial coverage",29,0.33146266473123,39,NA,0.13888,"1SD",59,0.674355076522157,45118,1248,50.6,0.29,"rural",4,4,3,1,0.0457189882387903,0.0457189882387903,0.0342892411790927,0.0114297470596976,2,0.0228594941193951,82,0.937239258895201,"1SD",0,0,"Higher","More ODs","Partial coverage",57,"lower","higher","lower","1SD","1SD","1SD","1SD","lower","1SD","1SD","1SD","1SD","1SD","1SD"
"33",33,33,"Jefferson",44575,22136,10281,14718,11841,43.8,43697,284,6,0.496601233875491,0.503398766124509,0.173527762198542,0.230644980370163,0.330185081323612,0.265642176107684,0.980302860347729,0.00637128435221537,0.0133258553000561,0.134604598990466,2.450479886,4,0,NA,8,0.01423,0,0.01423,7,0.179472798653954,0.15703869882221,955.4602592,435,9.75883342680875,206,4.62142456533932,28,"MA recipients filling a naloxone prescription",0.628154795288839,11261.75,4504.33333333333,11134.75,4513.41666666667,252.647223780146,101.050663675453,25,0.007,24,0.538418395961862,13,0.291643297812675,6,0.134604598990466,24.2,"Partial coverage",12,0.269209197980931,16,5,0.3125,"1SD",13,0.291643297812675,43913,1261,15.5,-0.13,"rural",2,2,1,0,0.0448681996634885,0.0448681996634885,0.0224340998317442,0,2,0.0448681996634885,38,0.852495793606282,"1SD",0,0,"Higher","fewer ODs","Partial coverage",11,"1SD","1SD","1SD","1SD","1SD","1SD","1SD","1SD","1SD","higher","lower","1SD","1SD","1SD"
"34",34,34,"Juniata",24811,12361,5521,8210,6458,43.2,23993,234,1,0.498206440691629,0.501793559308371,0.18628833984926,0.222522268348716,0.330901616218613,0.260287775583411,0.967030752488815,0.00943130063278385,0.0235379468784007,0.0403047035589053,0.683746933,2,2,0,4,0.00418,0,0.00418,2,0.161218814235621,0.0806094071178107,492.2977919,131,5.2799161662166,78,3.14376687759462,0,"Reported Naloxone prescriptions",0,4222.91666666667,1775.41666666667,4125.91666666667,1738.58333333333,170.203404403961,71.5576424435398,10,0.006,5,0.201523517794527,0,0,2,0.0806094071178107,34.3,"No municipal Police dept/only State Police",0,0,16,NA,0.13888,"1SD",8,0.322437628471243,49028,1780,16.2,3,"rural",1,1,0,0,0.0403047035589053,0.0403047035589053,0,0,0,0,22,0.886703478295917,"1SD",0,0,"Lower","ODs doubled or more","No Coverage/No Munic",15,"1SD","1SD","1SD","1SD","1SD","lower","1SD","lower","1SD","1SD","lower","lower","1SD","1SD"
"35",35,35,"Lackawanna",213006,102979,54036,69241,54442,42.2,197017,6337,5,0.483455865093002,0.516544134906998,0.165662000131452,0.253682994845216,0.32506596058327,0.255589044440063,0.924936386768448,0.0297503356712956,0.0453132775602565,0.0234735171779199,4.381959199,4,4,0.511070835,8,0.04475,0.001,0.04375,12,0.0375576274846718,0.0563364412270077,1046.71566,2555,11.9949672779171,1582,7.42702083509385,122,"MA recipients filling a naloxone prescription",0.572753819141245,55038.6666666667,22717.3333333333,52611.3333333333,22147.5833333333,258.390217489961,106.651142847306,228,0.021,142,0.666647887852924,197,0.924856576810043,19,0.0891993652760955,39.5,"Partial coverage",99,0.464775640122813,307,67,0.218241042345277,"1SD",97,0.455386233251646,46673,915,39.2,0.2,"urban",7,7,3,3,0.0328629240490878,0.0328629240490878,0.0140841103067519,0.0140841103067519,7,0.0328629240490878,276,1.29573814822118,"1SD",0,0,"Higher","More ODs","Partial coverage",49,"1SD","1SD","1SD","1SD","1SD","1SD","1SD","1SD","1SD","1SD","1SD","1SD","1SD","1SD"
"36",36,36,"Lancaster",533110,260976,139207,167333,119820,38.5,472127,22015,21,0.489534992778226,0.510465007221774,0.200240100542102,0.261122470034327,0.313880812590272,0.224756616833299,0.885608973757761,0.0412954174560597,0.0730956087861792,0.0393914951886102,3.320334262,4,4,0.599814299,36,1.059331,9e-04,1.058431,39,0.067528277466189,0.0731556339217047,551.8291552,3291,6.17321003170077,1775,3.32951923618015,114,"MA recipients filling a naloxone prescription",0.213839545309598,93228.3333333333,43660.5833333333,91323.5833333333,43390.25,174.876354473436,81.8978884908055,337,0.057,296,0.555232503610887,321,0.602127140740185,25,0.0468946371292979,7.5,"Partial coverage",51,0.0956650597437677,881,185,0.209988649262202,"1SD",139,0.260734182438896,59237,893,22.3,0.45,"urban",20,20,14,9,0.0375157097034383,0.0375157097034383,0.0262609967924068,0.0168820693665472,15,0.0281367822775787,481,0.902252818367692,"1SD",0,0,"1SD","More ODs","Partial coverage",23,"lower","1SD","1SD","1SD","lower","1SD","1SD","1SD","1SD","1SD","1SD","1SD","1SD","1SD"
"37",37,37,"Lawrence",88528,42843,20100,29411,24373,44.6,82545,3366,4,0.483948581239834,0.516051418760166,0.165416591360925,0.227046810048798,0.332222573649015,0.275314024941262,0.932416862461594,0.0380218687872763,0.0295612687511296,0.0451834447858305,3.482484478,4,4,0.76752125,5,0.00186,0,0.00186,5,0.0564793059822881,0.0564793059822881,808.0738652,1733,19.5757274534611,1120,12.6513645400325,87,"MA recipients filling a naloxone prescription",0.982739924091813,22758.8333333333,9022.83333333333,22022.25,8879.08333333333,257.080622326646,101.920672932104,45,0.008,57,0.643864088198084,70,0.790710283752033,10,0.112958611964576,7.9,"No coverage",0,0,55,NA,0.13888,"1SD",40,0.451834447858305,45764,1392,43.9,0.33,"rural",5,5,1,3,0.0564793059822881,0.0564793059822881,0.0112958611964576,0.0338875835893729,4,0.0451834447858305,76,0.858485450930779,"1SD",0,0,"1SD","More ODs","No Coverage/No Munic",53.5,"1SD","1SD","1SD","1SD","lower","1SD","1SD","1SD","1SD","1SD","higher","higher","1SD","1SD"
"38",38,38,"Lebanon",136950,66914,32554,44493,33576,41.2,120440,2828,6,0.488601679445053,0.511398320554947,0.192238043081417,0.237707192405988,0.324884994523549,0.245169769989047,0.879445052939029,0.0206498722161373,0.0999050748448339,0.0438116100766703,2.952550355,4,4,0.662523494,9,0.1268,0.008,0.1188,7,0.0657174151150055,0.0511135450894487,700.8418369,907,6.62285505659,466,3.40270171595473,28,"MA recipients filling a naloxone prescription",0.204454180357795,28215.0833333333,13286.5,27304.5833333333,13009.3333333333,206.024704880127,97.01715954728,126,0.03,57,0.416210295728368,122,0.890836071558963,5,0.0365096750638919,4.8,"Partial coverage",22,0.160642570281124,147,31,0.210884353741497,"1SD",28,0.204454180357795,56191,1457,12,-0.2,"urban",6,6,2,3,0.0438116100766703,0.0438116100766703,0.0146038700255568,0.0219058050383352,3,0.0219058050383352,135,0.985761226725082,"1SD",0,0,"1SD","fewer ODs","Partial coverage",5,"1SD","1SD","1SD","1SD","lower","1SD","1SD","1SD","1SD","1SD","1SD","1SD","1SD","1SD"
"39",39,39,"Lehigh",358792,174829,92969,119238,79029,39.5,282360,24174,18,0.487271176614863,0.512728823385137,0.188287364266762,0.25911670271355,0.33233182456688,0.220264108452808,0.786974068541105,0.0673760841936275,0.145649847265268,0.0501683426609289,3.866202943,4,4,0.553494866,29,1.71854,0.533,1.18554,31,0.0808267742870521,0.0864010345827109,750.1783025,2337,6.51352315547727,1107,3.08535307364713,92,"MA recipients filling a naloxone prescription",0.256415973600303,86902,39780.3333333333,82981.1666666667,38459.25,242.207184106669,110.872966324035,431,0.033,217,0.604807242078976,357,0.99500546277509,25,0.0696782536957346,10.7,"Full coverage",11,0.0306584316261232,1053,275,0.261158594491928,"1SD",86,0.239693192713327,57685,1210,38.3,0.17,"urban",8,7,5,3,0.0222970411826351,0.0195099110348057,0.0139356507391469,0.00836139044348815,11,0.0306584316261232,396,1.10370353854044,"1SD",1,0.00278713014782938,"1SD","More ODs","Full coverage",48,"1SD","1SD","1SD","1SD","1SD","1SD","1SD","1SD","1SD","1SD","1SD","1SD","1SD","higher"
"40",40,40,"Luzerne",318917,157130,79283,106927,81648,43,285749,12798,7,0.492698727255054,0.507301272744946,0.160101217558173,0.248600733106106,0.335281593643487,0.256016455692233,0.895998018293161,0.0401295634914413,0.0638724182153977,0.0219492846101023,5.212037309,4,4,1.403362381,86,10.138945,3.03,7.108945,63,0.269662639495543,0.197543561490921,865.8145349,3747,11.7491384905791,2335,7.3216542235127,119,"MA recipients filling a naloxone prescription",0.373137838371739,87568.0833333333,37581.4166666667,82648.6666666667,36104,274.579540549213,117.840744352501,454,0.102,206,0.64593608995444,174,0.5455965031654,32,0.100339586789039,13.2,"Partial coverage",95,0.29788314827996,374,84,0.224598930481283,"1SD",108,0.338646105413007,46577,820,43.6,0.47,"urban",12,11,4,4,0.0376273450458897,0.0344917329587322,0.0125424483486299,0.0125424483486299,7,0.0219492846101023,426,1.33577074912908,"1SD",1,0.00313561208715747,"1SD","More ODs","Partial coverage",52,"1SD","1SD","1SD","1SD","1SD","1SD","1SD","1SD","1SD","1SD","1SD","1SD","higher","higher"
"41",41,41,"Lycoming",116313,57104,30329,37525,28522,41.2,106874,5645,18,0.490951140457215,0.509048859542785,0.171408183092174,0.260753312183505,0.322620859233276,0.245217645491046,0.918848280071875,0.0485328381178372,0.0326188818102878,0.154754842536948,3.453422185,4,2,0.190892683,64,0.070179,0.00078,0.069399,25,0.55023944013137,0.214937281301316,854.1926975,1315,11.3057009964492,835,7.17890519546396,51,"MA recipients filling a naloxone prescription",0.438472053854685,27334,10913,26381.5833333333,10737.3333333333,235.003825883607,93.8244220336506,86,0.038,34,0.29231470256979,117,1.00590647649016,15,0.12896236878079,22.6,"No coverage",2,0.0171949825041053,226,94,0.415929203539823,"sig higher",104,0.894139090213476,48731,1150,29.3,0.36,"rural",6,5,4,3,0.0515849475123159,0.0429874562602633,0.0343899650082106,0.025792473756158,5,0.0429874562602633,132,1.13486884527095,"1SD",1,0.00859749125205265,"1SD","More ODs","No Coverage/No Munic",41,"1SD","1SD","1SD","1SD","1SD","1SD","higher","1SD","1SD","higher","1SD","1SD","1SD","1SD"
"42",42,42,"McKean",42609,22024,10380,14889,10423,42.5,40254,1102,5,0.516886103874768,0.483113896125232,0.16233659555493,0.243610504822925,0.349433218334155,0.244619681287991,0.944729986622544,0.0258630805698327,0.0294069328076228,0.117346100589077,1.886206814,4,3,0,NA,0,0,0,NA,0,0,834.0615524,407,9.5519725879509,152,3.56732145790795,16,"MA recipients filling a naloxone prescription",0.375507521885048,11339.8333333333,4648.75,11074,4596.75,266.137044599341,109.102537022695,35,0.012,10,0.234692201178155,41,0.962238024830435,2,0.046938440235631,39.7,"Partial coverage",0,0,29,12,0.413793103448276,"sig higher",12,0.281630641413786,44023,1227,16.1,-0.13,"rural",5,5,2,1,0.117346100589077,0.117346100589077,0.046938440235631,0.0234692201178155,5,0.117346100589077,45,1.0561149053017,"1SD",0,0,"1SD","fewer ODs","Partial coverage",14,"1SD","1SD","1SD","1SD","1SD","1SD","1SD","1SD","1SD","1SD","1SD","1SD","1SD","1SD"
"43",43,43,"Mercer",114598,56473,27786,37567,30729,44.1,104771,6558,7,0.492792195326271,0.507207804673729,0.161573500410129,0.242464964484546,0.327815494162202,0.268146040943123,0.914248067156495,0.0572261296008656,0.0285258032426395,0.0610830904553308,5.437814955,4,4,2.001541009,19,0.08629,0,0.08629,12,0.165796959807326,0.104713869351996,995.8552159,1427,12.4522242971082,990,8.63889422153964,70,"MA recipients filling a naloxone prescription",0.610830904553308,28278.6666666667,11418.1666666667,27724.75,11346.8333333333,246.764050565164,99.6367010477204,83,0.01,74,0.64573552767064,44,0.383950854290651,12,0.104713869351996,41.6,"Partial coverage",50,0.436307788966649,74,9,0.121621621621622,"sig lower",73,0.637009371891307,45831,1303,26.6,0.72,"rural",6,6,3,3,0.0523569346759978,0.0523569346759978,0.0261784673379989,0.0261784673379989,9,0.0785354020139968,142,1.23911412066528,"1SD",0,0,"Higher","More ODs","Partial coverage",31,"1SD","1SD","1SD","1SD","1SD","1SD","1SD","1SD","1SD","1SD","1SD","1SD","1SD","1SD"
"44",44,44,"Mifflin",46585,22871,10269,15063,12557,43.5,45239,301,3,0.490952023183428,0.509047976816572,0.186669528818289,0.220435762584523,0.32334442417087,0.269550284426318,0.971106579371042,0.00646130728775357,0.0224321133412042,0.0643984115058495,3.107332441,4,0,NA,5,0.00468,0.002,0.00268,5,0.107330685843083,0.107330685843083,806.3743472,666,14.2964473542986,388,8.3288612214232,NA,"Naloxone prescription count is suppressed",NA,11108.25,4313,10954.5,4322.08333333333,238.451218203284,92.583449608243,39,0.011,13,0.279059783192015,43,0.92304389825051,7,0.150262960180316,52.2,"Full coverage",3,0.0643984115058495,19,5,0.263157894736842,"1SD",20,0.42932274337233,42019,1777,12.9,0.2,"rural",1,1,1,1,0.0214661371686165,0.0214661371686165,0.0214661371686165,0.0214661371686165,1,0.0214661371686165,58,1.24503595577976,"1SD",0,0,"1SD","More ODs","Full coverage",6,"1SD","1SD","1SD","1SD","higher","1SD","1SD","1SD","1SD","higher","1SD",NA,"1SD","1SD"
"45",45,45,"Monroe",167126,82532,43457,59971,35921,42,129349,23320,5,0.493831001759152,0.506168998240848,0.166203941936024,0.260025370080059,0.358837045103694,0.214933642880222,0.773960963584362,0.13953544032646,0.0865035960891782,0.0299175472398071,1.679731243,4,4,0.234801141,108,0.484858,0.003846,0.481012,115,0.646219020379833,0.688103586515563,666.5883996,1338,8.00593564137238,741,4.43378050093941,38,"MA recipients filling a naloxone prescription",0.227373359022534,37612.25,16451.3333333333,35582,15952.75,225.053253234087,98.4367084315626,124,0.005,108,0.646219020379833,244,1.45997630530259,12,0.071802113375537,13.5,"Partial coverage",0,0,299,37,0.123745819397993,"sig lower",43,0.257290906262341,58980,2069,24.1,0,"rural",6,6,4,3,0.0359010566877685,0.0359010566877685,0.0239340377918457,0.0179505283438843,6,0.0359010566877685,234,1.40014121082297,"1SD",0,0,"1SD","More ODs","Partial coverage",25,"1SD","1SD","higher","1SD","1SD","higher","1SD","1SD","1SD","1SD","1SD","1SD","1SD","1SD"
"46",46,46,"Montgomery",815876,396386,199225,283674,185629,41.2,655493,72312,50,0.485840985639975,0.514159014360025,0.180600973677373,0.244185390917247,0.347692541513661,0.227521093891719,0.803422333786016,0.0886311155126514,0.107946550701332,0.0612838225416607,1.807173933,4,4,0.281115946,66,0.288482,0.0617,0.226782,85,0.0808946457549922,0.104182498320823,673.4016855,4132,5.06449509484284,2413,2.95755727586055,180,"MA recipients filling a naloxone prescription",0.220621761149979,107744.333333333,48484.6666666667,104621.833333333,48065.0833333333,132.059692077391,59.4265141598315,816,0.017,281,0.344415082684133,310,0.379959699758297,84,0.10295682186999,4.7,"Full coverage",338,0.414278640381627,1131,217,0.191865605658709,"1SD",157,0.192431202780815,81902,743,28.8,0.51,"urban",20,19,11,12,0.0245135290166643,0.0232878525658311,0.0134824409591654,0.0147081174099986,26,0.0318675877216636,677,0.829782957214086,"Higher",1,0.00122567645083321,"1SD","More ODs","Full coverage",39,"1SD","1SD","1SD","1SD","lower","1SD","1SD","1SD","1SD","1SD","1SD","1SD","lower","lower"
"47",47,47,"Montour",18404,8836,4256,6022,4973,43.2,17358,334,2,0.480113018908933,0.519886981091067,0.171321451858292,0.231254075201043,0.327211475766138,0.270212997174527,0.94316452945012,0.0181482286459465,0.0386872419039339,0.108672027820039,2.834868887,4,0,NA,4,0.02465,0,0.02465,4,0.217344055640078,0.217344055640078,1233.7131331,100,5.43360139100196,81,4.40121712671158,NA,"Naloxone prescription count is suppressed",NA,3167.66666666667,1165.41666666667,3089.58333333333,1157.66666666667,172.118380062305,63.3240962109686,6,0.005,1,0.0543360139100196,16,0.869376222560313,4,0.217344055640078,1.3,"No coverage",0,0,18,NA,0.13888,"1SD",8,0.434688111280156,55233,3017,27.4,-0.38,"rural",1,1,0,0,0.0543360139100196,0.0543360139100196,0,0,1,0.0543360139100196,14,0.760704194740274,"1SD",0,0,"Higher","fewer ODs","No Coverage/No Munic",36,"1SD","1SD","1SD","1SD","lower","1SD","1SD","lower","1SD","higher","lower",NA,"1SD","lower"
"48",48,48,"Northampton",300520,147510,76041,102146,71781,41.9,259549,15282,23,0.490849194729136,0.509150805270864,0.168215093837349,0.253031412218821,0.339897510980966,0.238855982962864,0.863666311726341,0.0508518567815786,0.0854818314920804,0.0765340077199521,2.831680417,4,4,0.57559859,8,0.03555,0.0085,0.02705,7,0.0266205244243312,0.0232929588712898,637.8624782,1630,5.42393185145747,793,2.63875948356183,77,"MA recipients filling a naloxone prescription",0.256222547584187,55592,24521.8333333333,53923.1666666667,24094.0833333333,184.986024224677,81.5980078974222,269,0.014,123,0.409290563024092,379,1.26114734460269,12,0.0399307866364967,19.5,"Full coverage",134,0.445893784107547,408,128,0.313725490196078,"1SD",60,0.199653933182484,62753,1411,23.5,-0.01,"urban",6,6,2,4,0.0199653933182484,0.0199653933182484,0.00665513110608279,0.0133102622121656,13,0.0432583521895381,295,0.981631838147212,"Higher",0,0,"1SD","fewer ODs","Full coverage",24,"1SD","1SD","1SD","1SD","1SD","higher","1SD","1SD","1SD","1SD","1SD","1SD","1SD","1SD"
"49",49,49,"Northumberland",93590,47287,21492,31871,24954,44.2,89072,2668,10,0.505256971898707,0.494743028101293,0.163190511806817,0.229639918794743,0.340538519072551,0.26663105032589,0.951725611710653,0.0285073191580297,0.0197670691313174,0.106849022331446,3.068909996,4,3,0.432240845,16,0.114671,0,0.114671,9,0.170958435730313,0.0961641200983011,816.6542397,835,8.92189336467571,469,5.0112191473448,19,"MA recipients filling a naloxone prescription",0.203013142429747,22459.6666666667,8776.75,22024.5833333333,8786.66666666667,239.979342522349,93.7787156747516,91,0.009,65,0.694518645154397,32,0.341916871460626,5,0.0534245111657228,99.6,"Partial coverage",26,0.277807458061759,80,25,0.3125,"1SD",71,0.758628058553264,43701,1305,0,0.69,"rural",4,4,2,2,0.0427396089325783,0.0427396089325783,0.0213698044662891,0.0213698044662891,5,0.0534245111657228,78,0.833422374185276,"1SD",0,0,"1SD","More ODs","Partial coverage",1,"1SD","1SD","1SD","1SD","higher","1SD","1SD","1SD","1SD","1SD","1SD","1SD","1SD","1SD"
"50",50,50,"Perry",45647,22995,10627,16094,10779,42.5,44455,408,2,0.50375709247048,0.49624290752952,0.178478322781344,0.232808289701404,0.352575196617521,0.236138190899731,0.97388656428681,0.00893815584813898,0.0171752798650514,0.0438144894516617,3.251855086,4,4,0.742034046,13,0.02431,0,0.02431,8,0.284794181435801,0.175257957806647,486.6652116,318,6.9665038228142,188,4.1185620084562,NA,"Naloxone prescription count is suppressed",NA,7678.33333333333,3542.5,7334,3457.83333333333,168.211127419838,77.6064144412557,23,0.024,25,0.547681118145771,30,0.657217341774925,0,0,37.2,"Full coverage",2,0.0438144894516617,33,6,0.181818181818182,"1SD",7,0.153350713080816,58585,2362,19.6,2,"rural",1,1,0,0,0.0219072447258308,0.0219072447258308,0,0,0,0,75,1.64304335443731,"1SD",0,0,"Lower","ODs doubled or more","Full coverage",21,"1SD","1SD","1SD","1SD","1SD","1SD","1SD","1SD","1SD","lower","lower",NA,"1SD","1SD"
"51",51,51,"Philadelphia",1559938,737899,515051,476790,276599,33.9,643570,668573,17,0.473030979436362,0.526969020563638,0.186865118998319,0.330174019736682,0.305646762884166,0.177314098380833,0.41256126846067,0.428589469581483,0.158849261957847,0.0108978690178712,6.101901175,4,4,1.467594294,133,35.940187,4.1064,31.833787,144,0.0852597987868749,0.0923113610925562,630.3843682,22782,14.6044265861848,11591,7.43042351683208,1662,"MA recipients filling a naloxone prescription",1.06542695927659,657937.25,270867.083333333,636009.333333333,269176.083333333,421.771410145788,173.639646789381,4388,0.034,1742,1.11671104877245,5693,3.64950401874946,163,0.104491332347824,21.5,"Partial coverage",368,0.235906811680977,18259,4563,0.249904156854154,"1SD",399,0.255779396360625,39770,567,59.4,0.29,"urban",83,81,58,51,0.0532072428519595,0.0519251406145629,0.0371809648845018,0.0326936070536137,66,0.0423093738340883,53,0.0339757092910103,"Lower",2,0.00128210223739661,"1SD","More ODs","Partial coverage",60,"lower","higher","lower","lower","1SD","higher","1SD","higher","lower","1SD","1SD","higher","higher","higher"
"52",52,52,"Pike",56210,28092,11748,20437,15380,46.7,50416,3259,4,0.499768724426259,0.500231275573741,0.153798256537983,0.209001956947162,0.363582992350116,0.273616794164739,0.896922255826365,0.0579790072940758,0.0450987368795588,0.0711617149973314,1.7637954,4,0,NA,13,0.029505,0,0.029505,12,0.231275573741327,0.213485144991994,484.1618372,353,6.2800213485145,212,3.77157089485857,NA,"Naloxone prescription count is suppressed",NA,10683.8333333333,4818.58333333333,10512.75,4887.5,190.069975686414,85.7246634643895,30,0.004,26,0.462551147482654,1,0.0177904287493329,4,0.0711617149973314,8.5,"Partial coverage",3,0.0533712862479986,97,20,0.206185567010309,"1SD",23,0.409179861234656,61199,2849,17.4,0.43,"rural",1,1,0,1,0.0177904287493329,0.0177904287493329,0,0.0177904287493329,1,0.0177904287493329,19,0.338018146237324,"1SD",0,0,"Lower","More ODs","Partial coverage",17,"higher","1SD","higher","1SD","lower","lower","1SD","1SD","1SD","1SD","1SD",NA,"1SD","1SD"
"53",53,53,"Potter",17239,8694,3602,5573,5072,46.3,16807,93,5,0.5043215963803,0.4956784036197,0.173559951273276,0.208944834387145,0.323278612448518,0.294216601891061,0.974940541794768,0.00539474447473751,0.0196647137304948,0.290040025523522,NA,NA,NA,NA,NA,0,0,0,NA,0,0,553.5090317,90,5.2207204594234,36,2.08828818376936,NA,"Naloxone prescription count is suppressed",NA,4326.91666666667,1802.41666666667,4284.41666666667,1845.25,250.995804087631,104.554595200804,9,0.005,3,0.174024015314113,0,0,0,0,30.3,"Full coverage",0,0,NA,NA,NA,NA,NA,NA,40921,1644,11.5,1,"rural",1,1,0,0,0.0580080051047044,0.0580080051047044,0,0,1,0.0580080051047044,143,8.29514472997274,"Lower",0,0,"1SD","ODs doubled or more","Full coverage",4,"higher","1SD","1SD","higher","1SD","lower",NA,"lower","higher","lower","lower",NA,"1SD","1SD"
"54",54,54,"Schuylkill",145503,74295,32809,50812,38415,44.1,136781,4038,5,0.510608028700439,0.489391971299561,0.16128189796774,0.225486759723167,0.349216167364247,0.264015174944846,0.940056218772122,0.0277520051132966,0.0321917761145818,0.0343635526415263,3.621850905,4,4,0.397010581,30,0.101991,0.0344,0.067591,20,0.206181315849158,0.137454210566105,747.919177,1493,10.2609568187598,685,4.7078067118891,61,"MA recipients filling a naloxone prescription",0.419235342226621,34413.0833333333,13822,33452.0833333333,13690.5833333333,236.511160136446,94.9946049222353,134,0.035,108,0.742252737056968,95,0.652907500189,3,0.0206181315849158,35.5,"Partial coverage",4,0.027490842113221,140,52,0.371428571428571,"sig higher",94,0.646034789660694,46573,1151,39.8,1.36,"rural",7,7,3,3,0.0481089736981368,0.0481089736981368,0.0206181315849158,0.0206181315849158,5,0.0343635526415263,27,0.185563184264242,"1SD",0,0,"1SD","ODs doubled or more","Partial coverage",50,"1SD","1SD","1SD","1SD","1SD","1SD","1SD","higher","1SD","1SD","1SD","1SD","1SD","1SD"
"55",55,55,"Snyder",40246,19942,10791,12986,9202,39.5,38891,394,5,0.495502658649307,0.504497341350693,0.180564528151866,0.268126024946579,0.322665606519903,0.228643840381653,0.966332057844258,0.00978979277443721,0.023878149381305,0.124235948914178,1.507363842,4,2,0.123554413,12,0.024186,0,0.024186,11,0.298166277394027,0.273319087611191,560.0968667,169,4.19917507329921,103,2.55926054763206,NA,"Naloxone prescription count is suppressed",NA,6652.25,2890.58333333333,6725.83333333333,2973.66666666667,165.289718232868,71.8228726664348,27,0.039,5,0.124235948914178,0,0,0,0,24.3,"Full coverage",0,0,20,7,0.35,"sig higher",10,0.248471897828356,51110,1675,7.6,2,"rural",2,2,1,2,0.0496943795656711,0.0496943795656711,0.0248471897828356,0.0496943795656711,0,0,95,2.36048302936938,"1SD",0,0,"1SD","ODs doubled or more","Full coverage",2,"1SD","1SD","1SD","1SD","1SD","lower","1SD","lower","1SD","lower","higher",NA,"1SD","1SD"
"56",56,56,"Somerset",76201,39529,16820,26749,21191,45.5,72755,2074,2,0.518746473143397,0.481253526856603,0.150142386582853,0.220732011390927,0.351032138685844,0.278093463340376,0.954777496358316,0.0272174905841131,0.0180050130575714,0.0262463747194919,2.771079522,4,3,0.293094949,31,0.364033,0.00155,0.362483,30,0.406818808152124,0.393695620792378,643.1169317,818,10.7347672602722,491,6.44348499363525,60,"MA recipients filling a naloxone prescription",0.787391241584756,16137.25,6131.83333333333,15891.8333333333,6172.41666666667,211.77215522106,80.4691976920688,38,0.006,26,0.341202871353394,21,0.275586934554665,0,0,26.9,"Partial coverage",0,0,88,35,0.397727272727273,"sig higher",100,1.31231873597459,45424,1346,27,0.31,"rural",3,3,2,1,0.0393695620792378,0.0393695620792378,0.0262463747194919,0.0131231873597459,3,0.0393695620792378,10,0.131231873597459,"1SD",0,0,"1SD","More ODs","Partial coverage",34,"1SD","1SD","1SD","1SD","1SD","1SD","higher","1SD","1SD","lower","1SD","1SD","1SD","1SD"
"57",57,57,"Sullivan",6302,3303,1337,2140,2232,52.4,5951,156,2,0.524119327197715,0.475880672802285,0.0940971120279276,0.212154871469375,0.339574738178356,0.354173278324341,0.944303395747382,0.024754046334497,0.0309425579181212,0.317359568390987,0,1,4,0,NA,NA,NA,NA,NA,NA,NA,391.07055565,23,3.64963503649635,NA,NA,NA,"Naloxone prescription count is suppressed",NA,1177.08333333333,376.5,1146.08333333333,382.333333333333,186.779329313445,59.7429387496033,2,0.007,3,0.476039352586481,0,0,0,0,53.9,"No municipal Police dept/only State Police",0,0,8,NA,0.13888,"1SD",NA,NA,44926,2015,15.6,0,"rural",0,0,0,0,0,0,0,0,0,0,44,6.98191050460171,"1SD",0,0,"Lower","More ODs","No Coverage/No Munic",12.5,"higher","1SD","1SD","higher","higher","lower",NA,"1SD","higher","lower","lower",NA,"1SD","lower"
"58",58,58,"Susquehanna",41832,21060,8912,14858,11449,46.9,40887,235,2,0.503442340791738,0.496557659208262,0.158084719831708,0.213042646777587,0.355182635303117,0.273689998087588,0.977409638554217,0.00561770893096194,0.0169726525148212,0.0478102887741442,2.006754442,4,3,0.269198767,1,0.0045,0,0.0045,1,0.0239051443870721,0.0239051443870721,510.302971,260,6.21533754063875,130,3.10766877031937,NA,"Naloxone prescription count is suppressed",NA,8327.91666666667,3592.66666666667,8013.66666666667,3527.33333333333,199.080050360171,85.8832154012877,27,0.008,14,0.334672021419009,0,0,0,0,11.3,"Partial coverage",0,0,20,6,0.3,"1SD",10,0.239051443870721,50160,1362,18.5,0.33,"rural",2,2,0,0,0.0478102887741442,0.0478102887741442,0,0,0,0,41,0.980110919869956,"1SD",0,0,"Lower","More ODs","Partial coverage",19,"higher","1SD","1SD","1SD","1SD","lower","1SD","1SD","1SD","lower","lower",NA,"1SD","1SD"
"59",59,59,"Tioga",42031,20843,10456,13453,11170,43.2,40821,222,6,0.495895886369584,0.504104113630416,0.165401727296519,0.248768765910875,0.320073279246271,0.265756227546335,0.971211724679403,0.00528181580262187,0.0235064595179748,0.14275177844924,2.773289604,4,3,0,3,0.00153,0,0.00153,2,0.0713758892246199,0.0475839261497466,620.1075555,321,7.63722014703433,135,3.2119150151079,12,"MA recipients filling a naloxone prescription",0.28550355689848,9758.08333333333,3989,9506.25,3985.25,232.163958348203,94.9061407056696,28,0.01,12,0.28550355689848,40,0.951678522994932,1,0.0237919630748733,62.8,"Partial coverage",0,0,21,NA,0.13888,"1SD",19,0.452047298422593,48449,1306,14.3,1,"rural",4,4,3,2,0.0951678522994932,0.0951678522994932,0.0713758892246199,0.0475839261497466,3,0.0713758892246199,33,0.785134781470819,"1SD",0,0,"1SD","ODs doubled or more","Partial coverage",9,"1SD","1SD","1SD","1SD","higher","1SD","1SD","1SD","1SD","1SD","higher","1SD","1SD","1SD"
"60",60,60,"Union",45178,24910,13572,15432,9557,39.1,39673,3132,2,0.55137456284032,0.44862543715968,0.146465093629643,0.300411704812077,0.341582186019744,0.211541015538536,0.878148656425694,0.0693257780335562,0.0525255655407499,0.0442693346319005,2.084933611,4,2,0.285306705,2,0.002,0,0.002,0,0.0442693346319005,0,568.7040492,135,2.98818008765328,102,2.25773606622692,NA,"Naloxone prescription count is suppressed",NA,5775.16666666667,2520.91666666667,5689.5,2534.5,127.831392860832,55.7996517479009,12,0.004,15,0.332020009739254,1,0.0221346673159502,1,0.0221346673159502,23.3,"Partial coverage",0,0,127,55,0.433070866141732,"sig higher",37,0.818982690690159,51349,2078,15.6,2.5,"rural",3,3,1,3,0.0664040019478507,0.0664040019478507,0.0221346673159502,0.0664040019478507,2,0.0442693346319005,65,1.43875337553677,"1SD",0,0,"1SD","ODs doubled or more","Partial coverage",12.5,"lower","higher","1SD","1SD","1SD","lower","1SD","1SD","1SD","1SD","higher",NA,"lower","lower"
"61",61,61,"Venango",53460,26309,11486,18170,14969,45.8,51796,445,4,0.492124953236064,0.507875046763936,0.165263748597082,0.214852225963337,0.339880284324729,0.280003741114852,0.96887392442948,0.00832398054620277,0.0228020950243172,0.0748222970445193,3.708493401,4,4,0.646609106,2,0.0011,0,0.0011,1,0.0374111485222596,0.0187055742611298,732.9124035,706,13.2061354283577,373,6.97717919940142,37,"MA recipients filling a naloxone prescription",0.692106247661803,13768.75,5549.08333333333,13348,5446.08333333333,257.552375607931,103.798790372864,41,0.089,22,0.411522633744856,22,0.411522633744856,4,0.0748222970445193,46.3,"No coverage",0,0,21,NA,0.13888,"1SD",15,0.280583613916947,43885,1297,16.4,-0.18,"rural",5,4,1,2,0.0935278713056491,0.0748222970445193,0.0187055742611298,0.0374111485222596,3,0.0561167227833895,41,0.766928544706323,"1SD",1,0.0187055742611298,"1SD","fewer ODs","No Coverage/No Munic",16,"1SD","1SD","1SD","1SD","1SD","1SD","1SD","1SD","1SD","1SD","higher","1SD","1SD","1SD"
"62",62,62,"Warren",40649,20363,8714,13876,11572,46.4,39766,204,4,0.500947132770794,0.499052867229206,0.15958572166597,0.214371817264877,0.341361411104824,0.284681049964329,0.978277448399715,0.00501857364264804,0.0167039779576373,0.0984034047578046,2.473454091,4,1,0,NA,0,0,0,NA,0,0,674.9531543,343,8.43809195798175,127,3.1243081010603,NA,"Naloxone prescription count is suppressed",NA,9076.58333333333,3744.08333333333,8800.33333333333,3666.41666666667,223.291675891986,92.1076369242376,36,0.01,5,0.123004255947256,24,0.590420428546828,1,0.0246008511894512,16,"Partial coverage",0,0,23,6,0.260869565217391,"1SD",6,0.147605107136707,44977,1505,NA,NA,"rural",3,3,2,0,0.0738025535683535,0.0738025535683535,0.0492017023789023,0,7,0.172205958326158,251,6.17481364855224,"1SD",0,0,"1SD",NA,"Partial coverage",67,"higher","1SD","1SD","1SD","1SD","1SD","1SD","lower","1SD","1SD","lower",NA,"1SD","1SD"
"63",63,63,"Washington",208269,101979,48069,71662,54698,44.3,195449,5987,23,0.489650404044769,0.510349595955231,0.162482174495484,0.230802471803293,0.344083853093835,0.262631500607388,0.938444991813472,0.0287464769120704,0.0328085312744576,0.110434102050713,4.250388257,4,4,1.043364538,52,0.2216,0.05841,0.16319,57,0.249677100288569,0.273684513777855,719.4455263,3007,14.4380584724563,1718,8.2489472749185,187,"MA recipients filling a naloxone prescription",0.897877264499277,39148.5,15576.75,37980.3333333333,15436.9166666667,187.970845397059,74.7914956138456,81,0.026,115,0.552170510253566,162,0.77784019705285,34,0.163250411727141,23.7,"Full coverage",70,0.336103788849997,111,12,0.108108108108108,"sig lower",125,0.600185337232137,57534,1004,51,0.45,"rural",12,9,7,8,0.0576177923742852,0.0432133442807139,0.0336103788849997,0.0384118615828568,8,0.0384118615828568,56,0.268883031079998,"1SD",3,0.0144044480935713,"1SD","More ODs","Full coverage",58,"1SD","1SD","1SD","1SD","1SD","1SD","1SD","1SD","1SD","higher","higher","higher","1SD","1SD"
"64",64,64,"Wayne",51307,27266,11116,18638,14403,47,48155,1823,2,0.531428460054184,0.468571539945816,0.139357202720876,0.216656596565771,0.363264271931705,0.280721928781648,0.938565887695636,0.0355312140643577,0.0259028982400062,0.0389810357261192,2.386117136,4,2,0.197199764,22,0.025064,0,0.025064,14,0.428791392987312,0.272867250082835,705.5413134,403,7.85467869881303,205,3.99555616192722,12,"MA recipients filling a naloxone prescription",0.233886214356715,10544.9166666667,4252.66666666667,10214.5,4158.5,205.525886656142,82.8866756323049,25,0.075,17,0.331338803672014,14,0.272867250082835,2,0.0389810357261192,33.2,"Full coverage",0,0,67,30,0.447761194029851,"sig higher",22,0.428791392987312,50595,1668,32.2,-0.11,"rural",3,3,2,1,0.0584715535891789,0.0584715535891789,0.0389810357261192,0.0194905178630596,1,0.0194905178630596,388,7.56232093086713,"1SD",0,0,"1SD","fewer ODs","Full coverage",44,"higher","1SD","higher","1SD","1SD","1SD","1SD","1SD","1SD","1SD","1SD","1SD","1SD","1SD"
"65",65,65,"Westmoreland",359377,175500,78039,124141,102243,46.3,341205,8673,26,0.488345108340267,0.511654891659733,0.152914627257727,0.217150791508639,0.345433903672188,0.284500677561447,0.949434716189406,0.0241334309096019,0.0264318529009926,0.0723474234578173,4.20865475,4,4,0.815848849,106,0.927573,0.11113,0.816443,104,0.294954880251101,0.289389693831269,887.3903526,4677,13.0141884427774,2837,7.89421693653183,282,"MA recipients filling a naloxone prescription",0.784691285196326,68366.4166666667,26393.3333333333,67231.0833333333,26482.6666666667,190.235926802958,73.4419101203843,193,0.012,236,0.656691997540188,67,0.186433745064375,45,0.125216694446222,19.1,"Partial coverage",73,0.203129304323872,176,26,0.147727272727273,"1SD",164,0.456345286426232,54142,762,47.6,0.38,"urban",12,11,9,7,0.0333911185189926,0.0306085253090765,0.0250433388892444,0.0194781524694123,16,0.0445214913586568,41,0.114086321606558,"1SD",1,0.00278259320991605,"1SD","More ODs","Partial coverage",55,"higher","1SD","1SD","1SD","1SD","1SD","1SD","1SD","1SD","higher","1SD","1SD","1SD","1SD"
"66",66,66,"Wyoming",27975,14051,6683,9571,7085,43.7,27239,249,2,0.502269883824844,0.497730116175156,0.165719392314567,0.238891867739053,0.342126899016979,0.253261840929401,0.973690795352994,0.00890080428954424,0.017408400357462,0.0714924039320822,1.380763781,4,1,0.181679445,4,0.00415,0,0.00415,1,0.142984807864164,0.0357462019660411,692.8527306,305,10.9025915996425,141,5.0402144772118,14,"MA recipients filling a naloxone prescription",0.500446827524576,6033.75,2535.83333333333,5806.58333333333,2493.91666666667,215.683646112601,90.6464104855526,12,0.004,16,0.571939231456658,0,0,1,0.0357462019660411,21.1,"Full coverage",1,0.0357462019660411,12,5,0.416666666666667,"sig higher",17,0.607685433422699,53397,1999,24.8,0,"rural",1,1,0,0,0.0357462019660411,0.0357462019660411,0,0,2,0.0714924039320822,505,18.0518319928508,"1SD",0,0,"1SD","More ODs","Full coverage",27,"1SD","1SD","1SD","1SD","1SD","lower","1SD","1SD","1SD","1SD","lower","1SD","1SD","1SD"
"67",67,67,"York",440604,107572,154862,96605,40.8,39.1989,25613,NA,17,0.244146671387459,0.755853328612541,0.429174950749426,0.351476609381667,0.219255839710942,9.26001579649753e-05,0.0581315648518851,NA,NA,0.0385833991520731,3.031026899,4,4,0.581416312,68,14.19162,0.00482,14.1868,62,0.154333596608292,0.140715926319325,564.6791845,3492,7.92548410817877,1863,4.22828662472424,144,"MA recipients filling a naloxone prescription",0.326824086935207,85626.75,40639.1666666667,83285.4166666667,40303.25,194.339474902634,92.2351287475072,504,0.04,261,0.592368657570063,288,0.653648173870414,21,0.0476618460113844,32.9,"Full coverage",262,0.594638269284891,807,190,0.23543990086741,"1SD",132,0.299588746357273,59853,817,29.2,0.28,"urban",17,17,9,7,0.0385833991520731,0.0385833991520731,0.0204265054334504,0.0158872820037948,14,0.0317745640075896,664,1.50702217864568,"1SD",0,0,"1SD","More ODs","Full coverage",40,"lower","higher","lower","lower","1SD","1SD","1SD","1SD","1SD","1SD","1SD","1SD","1SD","1SD"
