County Name,FIPS County Code,Beginning Year Date,Year,Date Revised,Count,Measure,Number of Records,Time Measure,County Code Number,County Code,State FIPS Code,County FIPS Code,Latitude/Longitude Geo-referenced Column
COMMONWEALTH,42000,01/01/2015,2015,02/14/2018,96084,Number of MA recipients with OUD,1,Yearly,0,00,42,000,"(39.346129, -75.167756)"
ADAMS,42001,01/01/2015,2015,02/14/2018,384,Number of MA recipients with OUD,1,Yearly,1,01,42,001,"(39.8720956503, -77.2222427076)"
ALLEGHENY,42003,01/01/2015,2015,02/14/2018,10187,Number of MA recipients with OUD,1,Yearly,2,02,42,003,"(40.4673554298, -79.9861984282)"
ARMSTRONG,42005,01/01/2015,2015,02/14/2018,831,Number of MA recipients with OUD,1,Yearly,3,03,42,005,"(40.8150952555, -79.4731689893)"
BEAVER,42007,01/01/2015,2015,02/14/2018,1432,Number of MA recipients with OUD,1,Yearly,4,04,42,007,"(40.6834924548, -80.3510735648)"
BEDFORD,42009,01/01/2015,2015,02/14/2018,336,Number of MA recipients with OUD,1,Yearly,5,05,42,009,"(40.0073753643, -78.4911647381)"
BERKS,42011,01/01/2015,2015,02/14/2018,2127,Number of MA recipients with OUD,1,Yearly,6,06,42,011,"(40.4193963513, -75.9307732705)"
BLAIR,42013,01/01/2015,2015,02/14/2018,1866,Number of MA recipients with OUD,1,Yearly,7,07,42,013,"(40.4855502384, -78.349076871)"
BRADFORD,42015,01/01/2015,2015,02/14/2018,267,Number of MA recipients with OUD,1,Yearly,8,08,42,015,"(41.7911781401, -76.5182562384)"
BUCKS,42017,01/01/2015,2015,02/14/2018,4204,Number of MA recipients with OUD,1,Yearly,9,09,42,017,"(40.335011331, -75.1129124111)"
BUTLER,42019,01/01/2015,2015,02/14/2018,1480,Number of MA recipients with OUD,1,Yearly,10,10,42,019,"(40.9108318483, -79.9171177889)"
CAMBRIA,42021,01/01/2015,2015,02/14/2018,1603,Number of MA recipients with OUD,1,Yearly,11,11,42,021,"(40.4912749067, -78.7189417385)"
CAMERON,42023,01/01/2015,2015,02/14/2018,47,Number of MA recipients with OUD,1,Yearly,12,12,42,023,"(41.4388026531, -78.2091693241)"
CARBON,42025,01/01/2015,2015,02/14/2018,469,Number of MA recipients with OUD,1,Yearly,13,13,42,025,"(40.9193670081, -75.7110703866)"
CENTRE,42027,01/01/2015,2015,02/14/2018,542,Number of MA recipients with OUD,1,Yearly,14,14,42,027,"(40.9193135008, -77.8250011212)"
CHESTER,42029,01/01/2015,2015,02/14/2018,1455,Number of MA recipients with OUD,1,Yearly,15,15,42,029,"(39.9748705566, -75.7562649818)"
CLARION,42031,01/01/2015,2015,02/14/2018,240,Number of MA recipients with OUD,1,Yearly,16,16,42,031,"(41.1927912877, -79.4248360769)"
CLEARFIELD,42033,01/01/2015,2015,02/14/2018,801,Number of MA recipients with OUD,1,Yearly,17,17,42,033,"(41.0004290024, -78.4755834299)"
CLINTON,42035,01/01/2015,2015,02/14/2018,289,Number of MA recipients with OUD,1,Yearly,18,18,42,035,"(41.2328627374, -77.6428376046)"
COLUMBIA,42037,01/01/2015,2015,02/14/2018,313,Number of MA recipients with OUD,1,Yearly,19,19,42,037,"(41.0491208559, -76.4100217975)"
CRAWFORD,42039,01/01/2015,2015,02/14/2018,699,Number of MA recipients with OUD,1,Yearly,20,20,42,039,"(41.6854690692, -80.1132108295)"
CUMBERLAND,42041,01/01/2015,2015,02/14/2018,823,Number of MA recipients with OUD,1,Yearly,21,21,42,041,"(40.167598388, -77.268662705)"
DAUPHIN,42043,01/01/2015,2015,02/14/2018,1376,Number of MA recipients with OUD,1,Yearly,22,22,42,043,"(40.4197463597, -76.7796056802)"
DELAWARE,42045,01/01/2015,2015,02/14/2018,3741,Number of MA recipients with OUD,1,Yearly,23,23,42,045,"(39.9165786652, -75.4062771212)"
ELK,42047,01/01/2015,2015,02/14/2018,274,Number of MA recipients with OUD,1,Yearly,24,24,42,047,"(41.4281941606, -78.6494771322)"
ERIE,42049,01/01/2015,2015,02/14/2018,2168,Number of MA recipients with OUD,1,Yearly,25,25,42,049,"(41.9941378702, -80.0407591036)"
FAYETTE,42051,01/01/2015,2015,02/14/2018,2307,Number of MA recipients with OUD,1,Yearly,26,26,42,051,"(39.919447803, -79.6518963464)"
FOREST,42053,01/01/2015,2015,02/14/2018,22,Number of MA recipients with OUD,1,Yearly,27,27,42,053,"(41.5135787577, -79.2378099483)"
FRANKLIN,42055,01/01/2015,2015,02/14/2018,833,Number of MA recipients with OUD,1,Yearly,28,28,42,055,"(39.9278619704, -77.7239884483)"
FULTON,42057,01/01/2015,2015,02/14/2018,85,Number of MA recipients with OUD,1,Yearly,29,29,42,057,"(39.9248751086, -78.1148504535)"
GREENE,42059,01/01/2015,2015,02/14/2018,549,Number of MA recipients with OUD,1,Yearly,30,30,42,059,"(39.8548039342, -80.2294381655)"
HUNTINGDON,42061,01/01/2015,2015,02/14/2018,308,Number of MA recipients with OUD,1,Yearly,31,31,42,061,"(40.4161050032, -77.9827661036)"
INDIANA,42063,01/01/2015,2015,02/14/2018,662,Number of MA recipients with OUD,1,Yearly,32,32,42,063,"(40.6529549748, -79.0933349286)"
JEFFERSON,42065,01/01/2015,2015,02/14/2018,309,Number of MA recipients with OUD,1,Yearly,33,33,42,065,"(41.1313909115, -79.0010181419)"
JUNIATA,42067,01/01/2015,2015,02/14/2018,108,Number of MA recipients with OUD,1,Yearly,34,34,42,067,"(40.5343300836, -77.405775001)"
LACKAWANNA,42069,01/01/2015,2015,02/14/2018,2154,Number of MA recipients with OUD,1,Yearly,35,35,42,069,"(41.4391006428, -75.6121834524)"
LANCASTER,42071,01/01/2015,2015,02/14/2018,2660,Number of MA recipients with OUD,1,Yearly,36,36,42,071,"(40.0459079619, -76.2513876838)"
LAWRENCE,42073,01/01/2015,2015,02/14/2018,1407,Number of MA recipients with OUD,1,Yearly,37,37,42,073,"(40.9932503514, -80.3375411446)"
LEBANON,42075,01/01/2015,2015,02/14/2018,678,Number of MA recipients with OUD,1,Yearly,38,38,42,075,"(40.3675970024, -76.4618257486)"
LEHIGH,42077,01/01/2015,2015,02/14/2018,1961,Number of MA recipients with OUD,1,Yearly,39,39,42,077,"(40.6146479416, -75.6009948118)"
LUZERNE,42079,01/01/2015,2015,02/14/2018,2839,Number of MA recipients with OUD,1,Yearly,40,40,42,079,"(41.1783643884, -75.991996098)"
LYCOMING,42081,01/01/2015,2015,02/14/2018,973,Number of MA recipients with OUD,1,Yearly,41,41,42,081,"(41.3445979226, -77.069424568)"
MC KEAN,42083,01/01/2015,2015,02/14/2018,272,Number of MA recipients with OUD,1,Yearly,42,42,42,083,"(41.810370736, -78.5712201998)"
MERCER,42085,01/01/2015,2015,02/14/2018,1198,Number of MA recipients with OUD,1,Yearly,43,43,42,085,"(41.302377765, -80.2600941079)"
MIFFLIN,42087,01/01/2015,2015,02/14/2018,525,Number of MA recipients with OUD,1,Yearly,44,44,42,087,"(40.6127492804, -77.6200308901)"
MONROE,42089,01/01/2015,2015,02/14/2018,981,Number of MA recipients with OUD,1,Yearly,45,45,42,089,"(41.0609178653, -75.3408360302)"
MONTGOMERY,42091,01/01/2015,2015,02/14/2018,3603,Number of MA recipients with OUD,1,Yearly,46,46,42,091,"(40.209898739, -75.3725200072)"
MONTOUR,42093,01/01/2015,2015,02/14/2018,79,Number of MA recipients with OUD,1,Yearly,47,47,42,093,"(41.0280182438, -76.6647052668)"
NORTHAMPTON,42095,01/01/2015,2015,02/14/2018,1303,Number of MA recipients with OUD,1,Yearly,48,48,42,095,"(40.754595404, -75.3126372576)"
NORTHUMBERLAND,42097,01/01/2015,2015,02/14/2018,667,Number of MA recipients with OUD,1,Yearly,49,49,42,097,"(40.8515092572, -76.7118842273)"
PERRY,42099,01/01/2015,2015,02/14/2018,215,Number of MA recipients with OUD,1,Yearly,50,50,42,099,"(40.4041531744, -77.2590738496)"
PHILADELPHIA,42101,01/01/2015,2015,02/14/2018,18214,Number of MA recipients with OUD,1,Yearly,51,51,42,101,"(40.0044435384, -75.140236002)"
PIKE,42103,01/01/2015,2015,02/14/2018,296,Number of MA recipients with OUD,1,Yearly,52,52,42,103,"(41.332571995, -75.0327092448)"
POTTER,42105,01/01/2015,2015,02/14/2018,93,Number of MA recipients with OUD,1,Yearly,53,53,42,105,"(41.7442064382, -77.8987922939)"
SCHUYLKILL,42107,01/01/2015,2015,02/14/2018,1121,Number of MA recipients with OUD,1,Yearly,54,54,42,107,"(40.707512431, -76.223323851)"
SNYDER,42109,01/01/2015,2015,02/14/2018,151,Number of MA recipients with OUD,1,Yearly,55,55,42,109,"(40.7711373692, -77.0725596804)"
SOMERSET,42111,01/01/2015,2015,02/14/2018,584,Number of MA recipients with OUD,1,Yearly,56,56,42,111,"(39.9714629901, -79.0310020611)"
SULLIVAN,42113,01/01/2015,2015,02/14/2018,10,Number of MA recipients with OUD,1,Yearly,57,57,42,113,"(41.4480993958, -76.5147922046)"
SUSQUEHANNA,42115,01/01/2015,2015,02/14/2018,172,Number of MA recipients with OUD,1,Yearly,58,58,42,115,"(41.8205685982, -75.8025030296)"
TIOGA,42117,01/01/2015,2015,02/14/2018,269,Number of MA recipients with OUD,1,Yearly,59,59,42,117,"(41.7733383358, -77.2578807579)"
UNION,42119,01/01/2015,2015,02/14/2018,129,Number of MA recipients with OUD,1,Yearly,60,60,42,119,"(40.9647313096, -77.0641580308)"
VENANGO,42121,01/01/2015,2015,02/14/2018,618,Number of MA recipients with OUD,1,Yearly,61,61,42,121,"(41.4034125863, -79.7628656104)"
WARREN,42123,01/01/2015,2015,02/14/2018,263,Number of MA recipients with OUD,1,Yearly,62,62,42,123,"(41.8167523652, -79.278581578)"
WASHINGTON,42125,01/01/2015,2015,02/14/2018,2204,Number of MA recipients with OUD,1,Yearly,63,63,42,125,"(40.1910966345, -80.2518008276)"
WAYNE,42127,01/01/2015,2015,02/14/2018,309,Number of MA recipients with OUD,1,Yearly,64,64,42,127,"(41.6496980525, -75.3051535022)"
WESTMORELAND,42129,01/01/2015,2015,02/14/2018,3602,Number of MA recipients with OUD,1,Yearly,65,65,42,129,"(40.3103149985, -79.471341176)"
WYOMING,42131,01/01/2015,2015,02/14/2018,183,Number of MA recipients with OUD,1,Yearly,66,66,42,131,"(41.5189248803, -76.0181300338)"
YORK,42133,01/01/2015,2015,02/14/2018,2302,Number of MA recipients with OUD,1,Yearly,67,67,42,133,"(39.9219253124, -76.7257605231)"
UNKNOWN,-2,01/01/2015,2015,02/14/2018,912,Number of MA recipients with OUD,1,Yearly,-2,-2,42,-2,
COMMONWEALTH,42000,01/01/2016,2016,02/14/2018,120118,Number of MA recipients with OUD,1,Yearly,0,00,42,000,"(39.346129, -75.167756)"
ADAMS,42001,01/01/2016,2016,02/14/2018,557,Number of MA recipients with OUD,1,Yearly,1,01,42,001,"(39.8720956503, -77.2222427076)"
ALLEGHENY,42003,01/01/2016,2016,02/14/2018,12355,Number of MA recipients with OUD,1,Yearly,2,02,42,003,"(40.4673554298, -79.9861984282)"
ARMSTRONG,42005,01/01/2016,2016,02/14/2018,1083,Number of MA recipients with OUD,1,Yearly,3,03,42,005,"(40.8150952555, -79.4731689893)"
BEAVER,42007,01/01/2016,2016,02/14/2018,1805,Number of MA recipients with OUD,1,Yearly,4,04,42,007,"(40.6834924548, -80.3510735648)"
BEDFORD,42009,01/01/2016,2016,02/14/2018,451,Number of MA recipients with OUD,1,Yearly,5,05,42,009,"(40.0073753643, -78.4911647381)"
BERKS,42011,01/01/2016,2016,02/14/2018,2665,Number of MA recipients with OUD,1,Yearly,6,06,42,011,"(40.4193963513, -75.9307732705)"
BLAIR,42013,01/01/2016,2016,02/14/2018,2386,Number of MA recipients with OUD,1,Yearly,7,07,42,013,"(40.4855502384, -78.349076871)"
BRADFORD,42015,01/01/2016,2016,02/14/2018,434,Number of MA recipients with OUD,1,Yearly,8,08,42,015,"(41.7911781401, -76.5182562384)"
BUCKS,42017,01/01/2016,2016,02/14/2018,5157,Number of MA recipients with OUD,1,Yearly,9,09,42,017,"(40.335011331, -75.1129124111)"
BUTLER,42019,01/01/2016,2016,02/14/2018,1723,Number of MA recipients with OUD,1,Yearly,10,10,42,019,"(40.9108318483, -79.9171177889)"
CAMBRIA,42021,01/01/2016,2016,02/14/2018,2150,Number of MA recipients with OUD,1,Yearly,11,11,42,021,"(40.4912749067, -78.7189417385)"
CAMERON,42023,01/01/2016,2016,02/14/2018,81,Number of MA recipients with OUD,1,Yearly,12,12,42,023,"(41.4388026531, -78.2091693241)"
CARBON,42025,01/01/2016,2016,02/14/2018,570,Number of MA recipients with OUD,1,Yearly,13,13,42,025,"(40.9193670081, -75.7110703866)"
CENTRE,42027,01/01/2016,2016,02/14/2018,644,Number of MA recipients with OUD,1,Yearly,14,14,42,057,"(40.9193135008, -77.8250011212)"
CHESTER,42029,01/01/2016,2016,02/14/2018,1924,Number of MA recipients with OUD,1,Yearly,15,15,42,029,"(39.9748705566, -75.7562649818)"
CLARION,42031,01/01/2016,2016,02/14/2018,299,Number of MA recipients with OUD,1,Yearly,16,16,42,031,"(41.1927912877, -79.4248360769)"
CLEARFIELD,42033,01/01/2016,2016,02/14/2018,1057,Number of MA recipients with OUD,1,Yearly,17,17,42,033,"(41.0004290024, -78.4755834299)"
CLINTON,42035,01/01/2016,2016,02/14/2018,441,Number of MA recipients with OUD,1,Yearly,18,18,42,035,"(41.2328627374, -77.6428376046)"
COLUMBIA,42037,01/01/2016,2016,02/14/2018,429,Number of MA recipients with OUD,1,Yearly,19,19,42,037,"(41.0491208559, -76.4100217975)"
CRAWFORD,42039,01/01/2016,2016,02/14/2018,830,Number of MA recipients with OUD,1,Yearly,20,20,42,039,"(41.6854690692, -80.1132108295)"
CUMBERLAND,42041,01/01/2016,2016,02/14/2018,1051,Number of MA recipients with OUD,1,Yearly,21,21,42,041,"(40.167598388, -77.268662705)"
DAUPHIN,42043,01/01/2016,2016,02/14/2018,1836,Number of MA recipients with OUD,1,Yearly,22,22,42,043,"(40.4197463597, -76.7796056802)"
DELAWARE,42045,01/01/2016,2016,02/14/2018,4654,Number of MA recipients with OUD,1,Yearly,23,23,42,045,"(39.9165786652, -75.4062771212)"
ELK,42047,01/01/2016,2016,02/14/2018,356,Number of MA recipients with OUD,1,Yearly,24,24,42,047,"(41.4281941606, -78.6494771322)"
ERIE,42049,01/01/2016,2016,02/14/2018,2637,Number of MA recipients with OUD,1,Yearly,25,25,42,049,"(41.9941378702, -80.0407591036)"
FAYETTE,42051,01/01/2016,2016,02/14/2018,2689,Number of MA recipients with OUD,1,Yearly,26,26,42,051,"(39.919447803, -79.6518963464)"
FOREST,42053,01/01/2016,2016,02/14/2018,31,Number of MA recipients with OUD,1,Yearly,27,27,42,053,"(41.5135787577, -79.2378099483)"
FRANKLIN,42055,01/01/2016,2016,02/14/2018,1196,Number of MA recipients with OUD,1,Yearly,28,28,42,055,"(39.9278619704, -77.7239884483)"
FULTON,42057,01/01/2016,2016,02/14/2018,110,Number of MA recipients with OUD,1,Yearly,29,29,42,057,"(39.9248751086, -78.1148504535)"
GREENE,42059,01/01/2016,2016,02/14/2018,579,Number of MA recipients with OUD,1,Yearly,30,30,42,059,"(39.8548039342, -80.2294381655)"
HUNTINGDON,42061,01/01/2016,2016,02/14/2018,400,Number of MA recipients with OUD,1,Yearly,31,31,42,061,"(40.4161050032, -77.9827661036)"
INDIANA,42063,01/01/2016,2016,02/14/2018,919,Number of MA recipients with OUD,1,Yearly,32,32,42,063,"(40.6529549748, -79.0933349286)"
JEFFERSON,42065,01/01/2016,2016,02/14/2018,402,Number of MA recipients with OUD,1,Yearly,33,33,42,065,"(41.1313909115, -79.0010181419)"
JUNIATA,42067,01/01/2016,2016,02/14/2018,137,Number of MA recipients with OUD,1,Yearly,34,34,42,067,"(40.5343300836, -77.405775001)"
LACKAWANNA,42069,01/01/2016,2016,02/14/2018,2714,Number of MA recipients with OUD,1,Yearly,35,35,42,069,"(41.4391006428, -75.6121834524)"
LANCASTER,42071,01/01/2016,2016,02/14/2018,3229,Number of MA recipients with OUD,1,Yearly,36,36,42,071,"(40.0459079619, -76.2513876838)"
LAWRENCE,42073,01/01/2016,2016,02/14/2018,1660,Number of MA recipients with OUD,1,Yearly,37,37,42,073,"(40.9932503514, -80.3375411446)"
LEBANON,42075,01/01/2016,2016,02/14/2018,856,Number of MA recipients with OUD,1,Yearly,38,38,42,075,"(40.3675970024, -76.4618257486)"
LEHIGH,42077,01/01/2016,2016,02/14/2018,2416,Number of MA recipients with OUD,1,Yearly,39,39,42,077,"(40.6146479416, -75.6009948118)"
LUZERNE,42079,01/01/2016,2016,02/14/2018,3523,Number of MA recipients with OUD,1,Yearly,40,40,42,079,"(41.1783643884, -75.991996098)"
LYCOMING,42081,01/01/2016,2016,02/14/2018,1288,Number of MA recipients with OUD,1,Yearly,41,41,42,081,"(41.3445979226, -77.069424568)"
MC KEAN,42083,01/01/2016,2016,02/14/2018,380,Number of MA recipients with OUD,1,Yearly,42,42,42,083,"(41.810370736, -78.5712201998)"
MERCER,42085,01/01/2016,2016,02/14/2018,1385,Number of MA recipients with OUD,1,Yearly,43,43,42,085,"(41.302377765, -80.2600941079)"
MIFFLIN,42087,01/01/2016,2016,02/14/2018,649,Number of MA recipients with OUD,1,Yearly,44,44,42,087,"(40.6127492804, -77.6200308901)"
MONROE,42089,01/01/2016,2016,02/14/2018,1282,Number of MA recipients with OUD,1,Yearly,45,45,42,089,"(41.0609178653, -75.3408360302)"
MONTGOMERY,42091,01/01/2016,2016,02/14/2018,4433,Number of MA recipients with OUD,1,Yearly,46,46,42,091,"(40.209898739, -75.3725200072)"
MONTOUR,42093,01/01/2016,2016,02/14/2018,112,Number of MA recipients with OUD,1,Yearly,47,47,42,093,"(41.0280182438, -76.6647052668)"
NORTHAMPTON,42095,01/01/2016,2016,02/14/2018,1562,Number of MA recipients with OUD,1,Yearly,48,48,42,095,"(40.754595404, -75.3126372576)"
NORTHUMBERLAND,42097,01/01/2016,2016,02/14/2018,820,Number of MA recipients with OUD,1,Yearly,49,49,42,097,"(40.8515092572, -76.7118842273)"
PERRY,42099,01/01/2016,2016,02/14/2018,293,Number of MA recipients with OUD,1,Yearly,50,50,42,099,"(40.4041531744, -77.2590738496)"
PHILADELPHIA,42101,01/01/2016,2016,02/14/2018,21878,Number of MA recipients with OUD,1,Yearly,51,51,42,101,"(40.0044435384, -75.140236002)"
PIKE,42103,01/01/2016,2016,02/14/2018,360,Number of MA recipients with OUD,1,Yearly,52,52,42,103,"(41.332571995, -75.0327092448)"
POTTER,42105,01/01/2016,2016,02/14/2018,99,Number of MA recipients with OUD,1,Yearly,53,53,42,105,"(41.7442064382, -77.8987922939)"
SCHUYLKILL,42107,01/01/2016,2016,02/14/2018,1423,Number of MA recipients with OUD,1,Yearly,54,54,42,107,"(40.707512431, -76.223323851)"
SNYDER,42109,01/01/2016,2016,02/14/2018,187,Number of MA recipients with OUD,1,Yearly,55,55,42,109,"(40.7711373692, -77.0725596804)"
SOMERSET,42111,01/01/2016,2016,02/14/2018,757,Number of MA recipients with OUD,1,Yearly,56,56,42,111,"(39.9714629901, -79.0310020611)"
SULLIVAN,42113,01/01/2016,2016,02/14/2018,19,Number of MA recipients with OUD,1,Yearly,57,57,42,113,"(41.4480993958, -76.5147922046)"
SUSQUEHANNA,42115,01/01/2016,2016,02/14/2018,257,Number of MA recipients with OUD,1,Yearly,58,58,42,115,"(41.8205685982, -75.8025030296)"
TIOGA,42117,01/01/2016,2016,02/14/2018,339,Number of MA recipients with OUD,1,Yearly,59,59,42,117,"(41.7733383358, -77.2578807579)"
UNION,42119,01/01/2016,2016,02/14/2018,145,Number of MA recipients with OUD,1,Yearly,60,60,42,119,"(40.9647313096, -77.0641580308)"
VENANGO,42121,01/01/2016,2016,02/14/2018,650,Number of MA recipients with OUD,1,Yearly,61,61,42,121,"(41.4034125863, -79.7628656104)"
WARREN,42123,01/01/2016,2016,02/14/2018,335,Number of MA recipients with OUD,1,Yearly,62,62,42,123,"(41.8167523652, -79.278581578)"
WASHINGTON,42125,01/01/2016,2016,02/14/2018,2791,Number of MA recipients with OUD,1,Yearly,63,63,42,125,"(40.1910966345, -80.2518008276)"
WAYNE,42127,01/01/2016,2016,02/14/2018,362,Number of MA recipients with OUD,1,Yearly,64,64,42,127,"(41.6496980525, -75.3051535022)"
WESTMORELAND,42129,01/01/2016,2016,02/14/2018,4428,Number of MA recipients with OUD,1,Yearly,65,65,42,129,"(40.3103149985, -79.471341176)"
WYOMING,42131,01/01/2016,2016,02/14/2018,265,Number of MA recipients with OUD,1,Yearly,66,66,42,131,"(41.5189248803, -76.0181300338)"
YORK,42133,01/01/2016,2016,02/14/2018,3230,Number of MA recipients with OUD,1,Yearly,67,67,42,133,"(39.9219253124, -76.7257605231)"
UNKNOWN,-2,01/01/2016,2016,02/14/2018,1953,Number of MA recipients with OUD,1,Yearly,-2,-2,42,-2,
COMMONWEALTH,42000,01/01/2017,2017,02/14/2018,119523,Number of MA recipients with OUD,1,Yearly,0,00,42,000,"(39.346129, -75.167756)"
ADAMS,42001,01/01/2017,2017,08/24/2018,504,Number of MA recipients with OUD,1,Yearly,1,01,42,001,"(39.8720956503, -77.2222427076)"
ALLEGHENY,42003,01/01/2017,2017,08/24/2018,11978,Number of MA recipients with OUD,1,Yearly,2,02,42,003,"(40.4673554298, -79.9861984282)"
ARMSTRONG,42005,01/01/2017,2017,08/24/2018,1011,Number of MA recipients with OUD,1,Yearly,3,03,42,005,"(40.8150952555, -79.4731689893)"
BEAVER,42007,01/01/2017,2017,08/24/2018,1822,Number of MA recipients with OUD,1,Yearly,4,04,42,007,"(40.6834924548, -80.3510735648)"
BEDFORD,42009,01/01/2017,2017,08/24/2018,402,Number of MA recipients with OUD,1,Yearly,5,05,42,009,"(40.0073753643, -78.4911647381)"
BERKS,42011,01/01/2017,2017,08/24/2018,2680,Number of MA recipients with OUD,1,Yearly,6,06,42,011,"(40.4193963513, -75.9307732705)"
BLAIR,42013,01/01/2017,2017,08/24/2018,2282,Number of MA recipients with OUD,1,Yearly,7,07,42,013,"(40.4855502384, -78.349076871)"
BRADFORD,42015,01/01/2017,2017,08/24/2018,399,Number of MA recipients with OUD,1,Yearly,8,08,42,015,"(41.7911781401, -76.5182562384)"
BUCKS,42017,01/01/2017,2017,08/24/2018,4865,Number of MA recipients with OUD,1,Yearly,9,09,42,017,"(40.335011331, -75.1129124111)"
BUTLER,42019,01/01/2017,2017,08/24/2018,1733,Number of MA recipients with OUD,1,Yearly,10,10,42,019,"(40.9108318483, -79.9171177889)"
CAMBRIA,42021,01/01/2017,2017,08/24/2018,2187,Number of MA recipients with OUD,1,Yearly,11,11,42,021,"(40.4912749067, -78.7189417385)"
CAMERON,42023,01/01/2017,2017,08/24/2018,70,Number of MA recipients with OUD,1,Yearly,12,12,42,023,"(41.4388026531, -78.2091693241)"
CARBON,42025,01/01/2017,2017,08/24/2018,617,Number of MA recipients with OUD,1,Yearly,13,13,42,025,"(40.9193670081, -75.7110703866)"
CENTRE,42027,01/01/2017,2017,08/24/2018,602,Number of MA recipients with OUD,1,Yearly,14,14,42,057,"(40.9193135008, -77.8250011212)"
CHESTER,42029,01/01/2017,2017,08/24/2018,1829,Number of MA recipients with OUD,1,Yearly,15,15,42,029,"(39.9748705566, -75.7562649818)"
CLARION,42031,01/01/2017,2017,08/24/2018,290,Number of MA recipients with OUD,1,Yearly,16,16,42,031,"(41.1927912877, -79.4248360769)"
CLEARFIELD,42033,01/01/2017,2017,08/24/2018,1088,Number of MA recipients with OUD,1,Yearly,17,17,42,033,"(41.0004290024, -78.4755834299)"
CLINTON,42035,01/01/2017,2017,08/24/2018,471,Number of MA recipients with OUD,1,Yearly,18,18,42,035,"(41.2328627374, -77.6428376046)"
COLUMBIA,42037,01/01/2017,2017,08/24/2018,408,Number of MA recipients with OUD,1,Yearly,19,19,42,037,"(41.0491208559, -76.4100217975)"
CRAWFORD,42039,01/01/2017,2017,08/24/2018,823,Number of MA recipients with OUD,1,Yearly,20,20,42,039,"(41.6854690692, -80.1132108295)"
CUMBERLAND,42041,01/01/2017,2017,08/24/2018,1017,Number of MA recipients with OUD,1,Yearly,21,21,42,041,"(40.167598388, -77.268662705)"
DAUPHIN,42043,01/01/2017,2017,08/24/2018,1883,Number of MA recipients with OUD,1,Yearly,22,22,42,043,"(40.4197463597, -76.7796056802)"
DELAWARE,42045,01/01/2017,2017,08/24/2018,4448,Number of MA recipients with OUD,1,Yearly,23,23,42,045,"(39.9165786652, -75.4062771212)"
ELK,42047,01/01/2017,2017,08/24/2018,356,Number of MA recipients with OUD,1,Yearly,24,24,42,047,"(41.4281941606, -78.6494771322)"
ERIE,42049,01/01/2017,2017,08/24/2018,2576,Number of MA recipients with OUD,1,Yearly,25,25,42,049,"(41.9941378702, -80.0407591036)"
FAYETTE,42051,01/01/2017,2017,08/24/2018,3035,Number of MA recipients with OUD,1,Yearly,26,26,42,051,"(39.919447803, -79.6518963464)"
FOREST,42053,01/01/2017,2017,08/24/2018,31,Number of MA recipients with OUD,1,Yearly,27,27,42,053,"(41.5135787577, -79.2378099483)"
FRANKLIN,42055,01/01/2017,2017,08/24/2018,1097,Number of MA recipients with OUD,1,Yearly,28,28,42,055,"(39.9278619704, -77.7239884483)"
FULTON,42057,01/01/2017,2017,08/24/2018,116,Number of MA recipients with OUD,1,Yearly,29,29,42,057,"(39.9248751086, -78.1148504535)"
GREENE,42059,01/01/2017,2017,08/24/2018,605,Number of MA recipients with OUD,1,Yearly,30,30,42,059,"(39.8548039342, -80.2294381655)"
HUNTINGDON,42061,01/01/2017,2017,08/24/2018,430,Number of MA recipients with OUD,1,Yearly,31,31,42,061,"(40.4161050032, -77.9827661036)"
INDIANA,42063,01/01/2017,2017,08/24/2018,989,Number of MA recipients with OUD,1,Yearly,32,32,42,063,"(40.6529549748, -79.0933349286)"
JEFFERSON,42065,01/01/2017,2017,08/24/2018,435,Number of MA recipients with OUD,1,Yearly,33,33,42,065,"(41.1313909115, -79.0010181419)"
JUNIATA,42067,01/01/2017,2017,08/24/2018,131,Number of MA recipients with OUD,1,Yearly,34,34,42,067,"(40.5343300836, -77.405775001)"
LACKAWANNA,42069,01/01/2017,2017,08/24/2018,2555,Number of MA recipients with OUD,1,Yearly,35,35,42,069,"(41.4391006428, -75.6121834524)"
LANCASTER,42071,01/01/2017,2017,08/24/2018,3291,Number of MA recipients with OUD,1,Yearly,36,36,42,071,"(40.0459079619, -76.2513876838)"
LAWRENCE,42073,01/01/2017,2017,08/24/2018,1733,Number of MA recipients with OUD,1,Yearly,37,37,42,073,"(40.9932503514, -80.3375411446)"
LEBANON,42075,01/01/2017,2017,08/24/2018,907,Number of MA recipients with OUD,1,Yearly,38,38,42,075,"(40.3675970024, -76.4618257486)"
LEHIGH,42077,01/01/2017,2017,08/24/2018,2337,Number of MA recipients with OUD,1,Yearly,39,39,42,077,"(40.6146479416, -75.6009948118)"
LUZERNE,42079,01/01/2017,2017,08/24/2018,3747,Number of MA recipients with OUD,1,Yearly,40,40,42,079,"(41.1783643884, -75.991996098)"
LYCOMING,42081,01/01/2017,2017,08/24/2018,1315,Number of MA recipients with OUD,1,Yearly,41,41,42,081,"(41.3445979226, -77.069424568)"
MC KEAN,42083,01/01/2017,2017,08/24/2018,407,Number of MA recipients with OUD,1,Yearly,42,42,42,083,"(41.810370736, -78.5712201998)"
MERCER,42085,01/01/2017,2017,08/24/2018,1427,Number of MA recipients with OUD,1,Yearly,43,43,42,085,"(41.302377765, -80.2600941079)"
MIFFLIN,42087,01/01/2017,2017,08/24/2018,666,Number of MA recipients with OUD,1,Yearly,44,44,42,087,"(40.6127492804, -77.6200308901)"
MONROE,42089,01/01/2017,2017,08/24/2018,1338,Number of MA recipients with OUD,1,Yearly,45,45,42,089,"(41.0609178653, -75.3408360302)"
MONTGOMERY,42091,01/01/2017,2017,08/24/2018,4132,Number of MA recipients with OUD,1,Yearly,46,46,42,091,"(40.209898739, -75.3725200072)"
MONTOUR,42093,01/01/2017,2017,08/24/2018,100,Number of MA recipients with OUD,1,Yearly,47,47,42,093,"(41.0280182438, -76.6647052668)"
NORTHAMPTON,42095,01/01/2017,2017,08/24/2018,1630,Number of MA recipients with OUD,1,Yearly,48,48,42,095,"(40.754595404, -75.3126372576)"
NORTHUMBERLAND,42097,01/01/2017,2017,08/24/2018,835,Number of MA recipients with OUD,1,Yearly,49,49,42,097,"(40.8515092572, -76.7118842273)"
PERRY,42099,01/01/2017,2017,08/24/2018,318,Number of MA recipients with OUD,1,Yearly,50,50,42,099,"(40.4041531744, -77.2590738496)"
PHILADELPHIA,42101,01/01/2017,2017,08/24/2018,22782,Number of MA recipients with OUD,1,Yearly,51,51,42,101,"(40.0044435384, -75.140236002)"
PIKE,42103,01/01/2017,2017,08/24/2018,353,Number of MA recipients with OUD,1,Yearly,52,52,42,103,"(41.332571995, -75.0327092448)"
POTTER,42105,01/01/2017,2017,08/24/2018,90,Number of MA recipients with OUD,1,Yearly,53,53,42,105,"(41.7442064382, -77.8987922939)"
SCHUYLKILL,42107,01/01/2017,2017,08/24/2018,1493,Number of MA recipients with OUD,1,Yearly,54,54,42,107,"(40.707512431, -76.223323851)"
SNYDER,42109,01/01/2017,2017,08/24/2018,169,Number of MA recipients with OUD,1,Yearly,55,55,42,109,"(40.7711373692, -77.0725596804)"
SOMERSET,42111,01/01/2017,2017,08/24/2018,818,Number of MA recipients with OUD,1,Yearly,56,56,42,111,"(39.9714629901, -79.0310020611)"
SULLIVAN,42113,01/01/2017,2017,08/24/2018,23,Number of MA recipients with OUD,1,Yearly,57,57,42,113,"(41.4480993958, -76.5147922046)"
SUSQUEHANNA,42115,01/01/2017,2017,08/24/2018,260,Number of MA recipients with OUD,1,Yearly,58,58,42,115,"(41.8205685982, -75.8025030296)"
TIOGA,42117,01/01/2017,2017,08/24/2018,321,Number of MA recipients with OUD,1,Yearly,59,59,42,117,"(41.7733383358, -77.2578807579)"
UNION,42119,01/01/2017,2017,08/24/2018,135,Number of MA recipients with OUD,1,Yearly,60,60,42,119,"(40.9647313096, -77.0641580308)"
VENANGO,42121,01/01/2017,2017,08/24/2018,706,Number of MA recipients with OUD,1,Yearly,61,61,42,121,"(41.4034125863, -79.7628656104)"
WARREN,42123,01/01/2017,2017,08/24/2018,343,Number of MA recipients with OUD,1,Yearly,62,62,42,123,"(41.8167523652, -79.278581578)"
WASHINGTON,42125,01/01/2017,2017,08/24/2018,3007,Number of MA recipients with OUD,1,Yearly,63,63,42,125,"(40.1910966345, -80.2518008276)"
WAYNE,42127,01/01/2017,2017,08/24/2018,403,Number of MA recipients with OUD,1,Yearly,64,64,42,127,"(41.6496980525, -75.3051535022)"
WESTMORELAND,42129,01/01/2017,2017,08/24/2018,4677,Number of MA recipients with OUD,1,Yearly,65,65,42,129,"(40.3103149985, -79.471341176)"
WYOMING,42131,01/01/2017,2017,08/24/2018,305,Number of MA recipients with OUD,1,Yearly,66,66,42,131,"(41.5189248803, -76.0181300338)"
YORK,42133,01/01/2017,2017,08/24/2018,3492,Number of MA recipients with OUD,1,Yearly,67,67,42,133,"(39.9219253124, -76.7257605231)"
UNKNOWN,-2,01/01/2017,2017,08/24/2018,198,Number of MA recipients with OUD,1,Yearly,-2,-2,42,-2,
